B,Consent Given,ID_Removed,20,Female,VLFI Score,6,VPT Experimental,27/01/2022 12:02,16,544,Practice,"[1, 2, 4, 6, 8, 10, 16, '-'] = 5/8",0.625,30 seconds,Archer3,3,"[1, 3, 4, 5, 6, 7, 8, 9] = 7/8",0.875,10,10 seconds,Boomerang4,4,"[1, 4, 5, 6, 7, 8, 14, 16] = 6/8",0.75,50,50 seconds,Boxing4,4,"[2, 4, 5, 6, 7, 9, 10, 13] = 5/8",0.625,120,2 minuets,Bus5,5,"[2, 3, 7, 9, 10, 11, 13, 16] = 3/8",0.375,60,1 min,Dog5,5,"[2, 4, 6, 7, 8, 9, 15, '-'] = 5/8",0.625,30,30 seconds,Sailor3,3,"[1, 2, 3, 4, 5, 6, 7, 8] = 8/8",1,3600,60 min,0.708333333,the dog and owner were playing fetch and the dog got the ball ,4,the man was waiting for the bus and was checking his watch when the bus came,5,the man held an envolope with the word winner on and was giving it to someone on stage,5,cant remember ,4,cant remember ,4,cant remember ,5,he was looking for it,3,3,4,none,beard,516
C,Consent Given,ID_Removed,19,Female,VLFI Score,6,Corsi Experimental,27/01/2022 13:01,5,497,Practice,"['1', '3', '2', '4', '5'] = 3/5",0.6,5 seconds,Archer4,4,"['1', '2', '3', '4', '5'] = 5/5",1,45,45 seconds,Boomerang5,5,"['1', '2', '3', '4', '5'] = 5/5",1,10,10 seconds,Boxing5,5,"['1', '2', '3', '4', '5'] = 5/5",1,120,2 minutes,Bus3,3,"['2', '1', '5', '4', '3'] = 1/5",1,30,30 seconds,Dog3,3,"['1', '2', '3', '4', '5'] = 5/5",1,10,10 seconds,Sailor4,4,"['1', '2', '3', '4', '5'] = 5/5",1,7200,2 minutes,1,"a man looked at a map, then he was on a boat sailing, then he arrived at an island",4,"a man threw a ball for a dog, the dog ran after it, and picked it up in his mouth",3,"A man threw a frisbe, he looked down at his watch, and then it his someone in the head",4,"Two men were wrestling, there was a close up of one of the mens faces with his boxing gloves held up, and then we saw the other wrestler on the floor",5,"A man looked at his watch waiting for the bus, a owman looked as though she was running for the bus, the man stood outside the doors of the bus.",5,"there was someone looking down at something, and then there was a man",4,3,stripes,mustache and beard,2,"stand there, looked at his watch",53,803
A,Consent Given,ID_Removed,20,Non-Binary,VLFI Score,6,Digit Experimental,27/01/2022 14:02,5,595,Practice,"59138 = ['5', '9', '1', '3', '8'] = 5/5",1,5 seconds,Archer5,5,"28905 = ['2', '8', '9', '0', '5'] = 5/5",1,3,a few seconds,Boomerang3,3,"41596 = ['8', '9', '5', '1', '3'] = 1/5",0.2,10,10 seconds,Boxing3,3,"81962 = ['8', '2', '9', '6', '2'] = 4/5",0.8,1,a second,Bus4,4,"62583 = ['6', '2', '5', '8', '3'] = 5/5",1,1,1 second,Dog4,4,"98215 = ['8', '2', '9', '1', '5'] = 2/5",0.4,3,a few seconds,Sailor5,5,"83150 = ['8', '3', '1', '5', '0'] = 5/5",/,86400,A while ,0.68,"Guy threw the ball, dog excitedly ran to get it, then brought it back. ",4,"Guy was looking at a map, two sailing panels, and then arrived at land",4,"A guy was waiting at a bus stop, he looked at his watch, then the bus came with the time on his watch on 2:16?",4,"A guy threw a boomerrang, and it came back and hit him in the head",3,"Two men boxing one threw a punch, and knocked the other out",3,/,/,smiled,stripes,two,none,3,216,642
C,Consent Given,ID_Removed,20,Female,VLFI Score,2,VPT Experimental,09/02/2022 10:05,18,501,Practice,"[1, 2, 4, 5, 7, 9, 10, 13, 14] = 6/9",0.666666667, 30 seconds,Archer4,4,"[1, 2, 3, 4, 5, 6, 8, 9, 13] = 8/9",0.888888889,10, 10 seconds,Boomerang5,5,"[2, 3, 6, 8, 10, 14, 16, '-', '-'] = 4/9",0.444444444,120, 2 minutes,Boxing5,5,"[1, 4, 7, 10, 12, 13, 15, 16, 17] = 3/9",0.333333333,300, 5 minutes,Bus3,3,"[3, 10, 11, 12, 15, 17, 18, '-', '-'] = 1/9",0.111111111,60, 1 minute,Dog3,3,"[1, 4, 5, 6, 7, 8, 9, 12, 16] = 7/9",0.777777778,15, 15 seconds,Sailor4,4,"[2, 5, 7, 8, 13, 15, '-', '-', '-'] = 4/9",0.444444444,7200, 1 hour,0.5,A man was announcing who the winner to a competition was,4,A man was waiting for his bus to arrive,4,A man was throwing a ball for his dog to go and fetch,4,Two men were in a boxing ring fighting and one of them gave a knockout punch to their opponent which resulted in them winning the fight,4,"A man threw a frisbee , looked around to see where it went but then the frisbee they hit him on the head",4,/,/,3,looking up at the sky,86,/,5,Had a beard,573
A,Consent Given,ID_Removed,41,Female,VLFI Score,4.5,Corsi Experimental,09/02/2022 11:02,6,633,Practice,"['1', '2', '3', '4', '5', '6'] = 6/6",1, 2 minutes,Archer5,5,"['3', '1', '2', '4', '6', '5'] = 1/6",0.166666667,15, 15 seconds,Boomerang3,3,"['5', '6', '4', '3', '2', '1'] = 0/6",0,60, 1 minute,Boxing3,3,"['3', '1', '5', '6', '2', '4'] = 0/6",0,20, 20 seconds,Bus4,4,"['5', '2', '3', '4', '6', '1'] = 3/6",0.5,300, 5 minutes,Dog4,4,"['1', '2', '3', '4', '5', '6'] = 6/6",1,30, 30 seconds,Sailor5,5,"['6', '4', '3', '2', '1', '5'] = 1/6",0.166666667,10800, 2 hours,0.305555556,i can't remember,3,man throwing a boomerang,3,man waiting and boarding a bus,4,dog fetching a ball,3,archer shooting an arrow,3,man sailing a boat,4,2,/,none,none,45,sweated,464
B,Consent Given,ID_Removed,26,Male,VLFI Score,13.5,Digit Experimental,09/02/2022 11:37,6,556,Practice,"938627 = ['9', '3', '8', '6', '1', '2'] = 4/6",0.666666667,3,Archer3,3,"678421 = ['6', '7', '8', '4', '2', '1'] = 6/6",1,60,1,Boomerang4,4,"365179 = ['3', '6', '5', '1', '7', '9'] = 6/6",1,7,7 seconds,Boxing4,4,"250148 = ['2', '5', '0', '1', '4', '8'] = 6/6",1,120,2,Bus5,5,"564298 = ['5', '6', '4', '2', '9', '8'] = 6/6",1,60,1 minute,Dog5,5,"340257 = ['3', '1', '7', '2', '5', '7'] = 4/6",0.666666667,10,10,Sailor3,3,"213586 = ['2', '5', '3', '9', '1', '8'] = 2/6",0.333333333,1800,1 day,0.833333333,Man Waiting for bus,5,Boxing match with bald man winning,4,Sailing  to an island ,3,Boomarang being thrown and hitting man in the head ,4,Stick being thrown for dog and dog returning it,4,/,/,2,/,4,/,looked at his watch and tapped his foot,beard and goatee,537
A,Consent Given,ID_Removed,18,Female,VLFI Score,5.75,VPT Experimental,09/02/2022 16:07,16,606,Practice,"[1, 3, 4, 5, 6, 7, 8, '-'] = 7/8",0.875, 2 minutes,Archer5,5,"[3, 5, 8, 9, 10, 13, 15, '-'] = 3/8",0.375,30, 30 seconds,Boomerang3,3,"[1, 2, 3, 5, 7, 8, 15, '-'] = 6/8",0.75,30, 30 seconds,Boxing3,3,"[1, 2, 3, 4, 5, 6, 7, 8] = 8/8",1,10, 10 seconds,Bus4,4,"[1, 2, 3, 4, 5, 6, 7, 8] = 8/8",1,60,  1 minute,Dog4,4,"[1, 2, 3, 4, 5, 6, 7, 8] = 8/8",1,60, 1 minute,Sailor5,5,"[1, 2, 3, 4, 5, 6, 7, 8] = 8/8",1,7200, 2 hours,0.854166667,a person waiting for a bus,2,a boomerang being thrown,1,a boxing match,1,someone throwing a ball for a dog,2,a sailor reaching land,3,a person shooting an arrow,3,a beard,3,stripes,none,whilstling,206,605
B,Consent Given,ID_Removed,19,Female,VLFI Score,9,Corsi Experimental,09/02/2022 16:37,4,476,Practice,"['1', '2', '3', '4'] = 4/4",1, 5 seconds,Archer3,3,"['1', '2', '3', '4'] = 4/4",1,3, 3 seconds,Boomerang4,4,"['1', '2', '3', '4'] = 4/4",1,30, 30 seconds,Boxing4,4,"['1', '2', '3', '4'] = 4/4",1,10, 10 seconds,Bus5,5,"['2', '1', '3', '4'] = 2/4",0.5,300, 5 minutes,Dog5,5,"['1', '2', '3', '4'] = 4/4",1,30, 30 seconds,Sailor3,3,"['1', '2', '3', '4'] = 4/4",1,18000, 3 hours,0.916666667,dog - a man throws his dog a ball and the dog retrieves it.,4,"boxer - two boxers are in the ring, boxer A throws two punches at boxer B and knocks him out.",4,a cat? kite? ,4,"boat - a man is looking at his map on a boat in the middle of the sea, he travels back to shore ",3,archery - a man pulls back his arrow and fires it at the target board ,4,bus- a man looks at his watch at the bust stop inpatiently until the bus arrives.,5,39,a beard,4,look at his watch ,3,no pattern,819
C,Consent Given,ID_Removed,18,Female,VLFI Score,4.625,Digit Experimental,10/02/2022 10:00,5,386,Practice,"12387 = ['1', '2', '3', '6', '7'] = 4/5",0.8,20,Archer4,4,"98613 = ['5', '6', '1', '7', '3'] = 1/5",0.2,20,20 seconds,Boomerang5,5,"60928 = ['6', '0', '9', '2', '8'] = 5/5",1,180,3 minutes,Boxing5,5,"95317 = ['9', '7', '3', '5', '0'] = 2/5",0.4,240,4 minutes,Bus3,3,"46573 = ['4', '6', '9', '7', '3'] = 4/5",0.8,600,10 minutes,Dog3,3,"91026 = ['9', '1', '0', '6', '2'] = 3/5",0.6,60,1 minute,Sailor4,4,"96823 = ['9', '6', '0', '3', '1'] = 2/5",0.4,7200,30 minutes,0.566666667,dog chasing ball,4,sailor on boat,4,man throwing and being hit by boomerang,5,man waiting for bus,4,dog chasing man ,4,boat sailing away,5,beard and moustache,4,67,look at his watch,5,zig zag,595
B,Consent Given,ID_Removed,18,Female,VLFI Score,3,VPT Experimental,10/02/2022 16:05,18,653,Practice,"[1, 5, 6, 7, 8, 9, 11, 18, '-'] = 6/9",0.666666667, 15 minutes,Archer3,3,"[1, 2, 3, 5, 6, 7, 8, 9, '-'] = 8/9",0.888888889,5, 5 seconds,Boomerang4,4,"[2, 3, 4, 5, 6, 8, 17, '-', '-'] = 6/9",0.666666667,120, 2 minutes,Boxing4,4,"[1, 2, 4, 5, 6, 7, 8, 9, 13] = 8/9",0.888888889,120, 2 minutes,Bus5,5,"[1, 2, 3, 4, 5, 6, 7, 8, '-'] = 8/9",0.888888889,900, 15 minutes,Dog5,5,"[1, 2, 4, 5, 6, 7, 8, 9, '-'] = 8/9",0.888888889,30, 30 seconds,Sailor3,3,"[3, 8, 9, 12, 13, 15, 16, 17, '-'] = 3/9",0.333333333,10800, 2 hours,0.759259259,/,/,/,/,/,/,a man was playing freezbe and he threw it and waited for it to come back to him but took a while. then he got smacked in the back of the head with it.,4,A man was lost sailing his boat so reffered to his map to try and find land.,4,a dog and it's owner were out in a field playing fetch ,4,spots ,checked his watch,three ,four,27,no facial hair,679
C,Consent Given,ID_Removed,20,Female,VLFI Score,2.875,Corsi Experimental,10/02/2022 16:46,7,766,Practice,"['1', '2', '3', '4', '5', '6', '7'] = 7/7",1, 10s,Archer4,4,"['1', '2', '3', '4', '5', '7', '6'] = 5/7",0.714285714,1, 1 second,Boomerang5,5,"['2', '1', '3', '4', '5', '6', '7'] = 5/7",0.714285714,10, 10 seconds,Boxing5,5,"['1', '2', '3', '4', '5', '6', '7'] = 7/7",1,300, 5 minutes,Bus3,3,"['3', '2', '1', '5', '6', '7', '4'] = 1/7",0.142857143,300, 5 minutes,Dog3,3,"['1', '2', '3', '4', '5', '7', '6'] = 5/7",0.714285714,10, 10 seconds,Sailor4,4,"['1', '5', '2', '3', '4', '7', '6'] = 1/7",0.142857143,7200, 5 hours ,0.571428571,"someone won something, man was on stage, 3 people sitting down. Envelope in card",3,"Boxing match. Men were standing there, then 3 punches, then he fell.",5,sailing ship to find land map with picture of land and directions. him sailing and then when he found land.,3,"man threw ball to dog, dog came back with ball.",4,man threw frisabbe( thing that comes back forgot name) and got hit in head whilst waiting. ,5,"waiting for bus. women on one panel, not sure what doing, that gets on bus",3,dont know,stand there,no idea,mousatche ,no idea,3,692
A,Consent Given,ID_Removed,31,Male,VLFI Score,15.75,Digit Experimental,16/02/2022 10:28,7,729,Practice,"5239017 = ['5', '2', '9', '3', '9', '0', '1'] = 2/7",0.285714286,20 minutes,Archer5,5,"7389506 = ['7', '3', '8', '5', '9', '0', '6'] = 5/7",0.714285714,15,15 seconds,Boomerang3,3,"8214790 = ['8', '2', '1', '4', '7', '9', '0'] = 7/7",1,15,15 seconds,Boxing3,3,"8045219 = ['8', '0', '4', '5', '2', '1', '9'] = 7/7",1,10,10 seconds,Bus4,4,"0649218 = ['0', '6', '4', '9', '2', '1', '8'] = 7/7",1,60,1 minute,Dog4,4,"0457932 = ['0', '4', '5', '7', '9', '3', '2'] = 7/7",1,30,30 seconds,Sailor5,5,"1589432 = ['1', '4', '2', '9', '7', '5', '8'] = 2/7",0.285714286,14400,2 hours,0.833333333,A man shot an arrow,5,A man knocked someone out,3,A man waited for a bus,4,A man sailed to an island,4,A man threw a boomerang that hit him,3,A man threw a ball for a dog,4,No pattern,Looked at his watch,2,305,3,Beard and moustache,503
C,Consent Given,ID_Removed,20,Female,VLFI Score,8.5,VPT Experimental,18/02/2022 15:59,22,766,Practice,"[2, 3, 4, 5, 8, 11, 12, 15, '-', '-', '-'] = 6/11",0.545454545, 10 seconds,Archer4,4,"[3, 4, 5, 6, 7, 8, 9, 10, 11, '-', '-'] = 9/11",0.818181818,120, 2 minutes,Boomerang5,5,"[1, 2, 3, 4, 6, 7, 8, 9, 10, 11, '-'] = 10/11",0.909090909,420, 7 minutes,Boxing5,5,"[1, 3, 4, 7, 8, 10, 11, 12, 14, 15, '-'] = 7/11",0.636363636,900, 15 minutes,Bus3,3,"[1, 2, 3, 4, 5, 7, 8, 9, 10, 22, '-'] = 9/11",0.818181818,600, 10 minutes,Dog3,3,"[3, 4, 6, 7, 8, 9, 10, 11, 18, '-', '-'] = 8/11",0.727272727,30, 30 seconds,Sailor4,4,"[1, 4, 7, 8, 9, 10, 15, 17, '-', '-', '-'] = 6/11",0.545454545,1200, 3 hours,0.742424242,i dont remember.,10,there was a dog catching the ball from the owner,10,there was a guy waiting for the bus,8,there was a guy in the boxing ring practicing boxing or doing a boxing match,10,there was a guy sailing searching for an island and came to shore,9,i dont remember,7,4,5,not sure,not sure,a beard,singing,715
A,Consent Given,ID_Removed,18,Female,VLFI Score,8.5,Corsi Experimental,18/02/2022 17:03,6,657,Practice,"['1', '3', '2', '4', '5', '6'] = 4/6",0.666666667, 15 seconds,Archer5,5,"['5', '2', '6', '4', '3', '1'] = 2/6",0.333333333,5, 5 seconds,Boomerang3,3,"['1', '2', '3', '5', '4', '6'] = 4/6",0.666666667,5, 5 seconds,Boxing3,3,"['1', '2', '3', '6', '5', '4'] = 4/6",0.666666667,10, 10 seconds,Bus4,4,"['3', '2', '1', '4', '5', '6'] = 4/6",0.666666667,30, 30 seconds,Dog4,4,"['1', '4', '3', '2', '5', '6'] = 4/6",0.666666667,15, 15 seconds,Sailor5,5,"['1', '2', '3', '4', '5', '6'] = 6/6",1,120, 2 hours,0.666666667,man throwing a ball for his dog and dog bringing it back to  him,4,"man on a ship looking for land, manages to get to it",4,man throwing a boomerang and hitting himself in the head,3,"man being awarded for something, opening the letter to see who the winner is",4,"two fighters, one punches the other and gets knocked out",3,/,/,striped ,5,a beard,4,3,looked at his watch,708
B,Consent Given,ID_Removed,20,Male,VLFI Score,8.875,Digit Experimental,23/02/2022 12:05,4,433,Practice,"0931 = ['0', '9', '3', '1'] = 4/4",1,30 seconds,Archer3,3,"1732 = ['1', '7', '3', '2'] = 4/4",1,5,5 seconds,Boomerang4,4,"8019 = ['8', '0', '1', '9'] = 4/4",1,15,15 seconds,Boxing4,4,"3154 = ['3', '1', '5', '4'] = 4/4",1,60,1 minute,Bus5,5,"1072 = ['1', '0', '7', '2'] = 4/4",1,480,8 minutes,Dog5,5,"1460 = ['1', '4', '6', '0'] = 4/4",1,35,35 seconds,Sailor3,3,"8317 = ['8', '3', '1', '7'] = 4/4",1,7200,4 hours,1,/,3,A man getting knocked out in a boxing match,4,A person playing fetch with a tennis ball,3,A man sailing and checking his map before arriving on land,4,A man waiting for the bus whilst checking his watch,3,A man threw a boomarang and it hit him in the head ,3,Check his watch,/,205,/,3,/,787
A,Consent Given,ID_Removed,26,Male,VLFI Score,11,VPT Experimental,24/02/2022 14:09,18,626,Practice,"[1, 2, 3, 4, 5, 7, 9, 10, '-'] = 7/9",0.777777778, 20 seconds ,Archer5,5,"[1, 2, 3, 4, 5, 7, 8, 9, '-'] = 8/9",0.888888889,5, 5 seconds,Boomerang3,3,"[1, 2, 3, 4, 5, 6, 7, '-', '-'] = 7/9",0.777777778,30, 30 seconds,Boxing3,3,"[1, 2, 6, 9, 11, 17, '-', '-', '-'] = 4/9",0.444444444,2, 2 seconds,Bus4,4,"[2, 3, 4, 6, 7, 16, '-', '-', '-'] = 5/9",0.555555556,300, 5 minutes,Dog4,4,"[1, 2, 3, 4, 5, 6, 7, 8, 9] = 9/9",1,30, 30 seconds ,Sailor5,5,"[1, 2, 3, 5, 8, 14, '-', '-', '-'] = 5/9",0.555555556,3600, 20 minutes,0.703703704,archery ,4,Man reached the island ,5,Knockout ,4,boomerang hit man on the head ,4,The dog fetched the ball,5,the buss was late,4,stripes,201,look at his watch,2,beard,2,610
B,Consent Given,ID_Removed,19,Male,VLFI Score,8,Corsi Experimental,24/02/2022 15:04,7,745,Practice,"['1', '2', '3', '4', '5', '6', '7'] = 7/7",1, 10 seconds,Archer3,3,"['1', '2', '3', '4', '5', '6', '7'] = 7/7",1,30, 30 seconds,Boomerang4,4,"['3', '2', '5', '6', '4', '1', '7'] = 2/7",0.285714286,20, 20 seconds,Boxing4,4,"['1', '2', '3', '4', '5', '6', '7'] = 7/7",1,20, 20 seconds,Bus5,5,"['1', '2', '3', '5', '6', '4', '7'] = 4/7",0.571428571,60, 1 minute,Dog5,5,"['1', '5', '3', '4', '2', '7', '6'] = 3/7",0.428571429,20, 20 seconds,Sailor3,3,"['6', '3', '4', '7', '5', '1', '2'] = 1/7",0.142857143,172800, 2 minutes,0.571428572,Dog chased a ball thrown by it's owner and gave it back,4,Archer shot a bow and hit the bullseye,3,Captain on his ship gets lost on an island,3,Man waits for his bus at 5:01,4,Man throws boomerang and hits himself on the head,4,/,/,None,45,3,3,stood still waiting,none,646
C,Consent Given,ID_Removed,31,Female,VLFI Score,11,Digit Experimental,25/02/2022 12:03,6,659,Practice,"124896 = ['1', '2', '4', '8', '9', '6'] = 6/6",1,3 minutes,Archer4,4,"961843 = ['9', '6', '1', '8', '4', '3'] = 6/6",1,60,1minute,Boomerang5,5,"135978 = ['1', '3', '5', '9', '7', '8'] = 6/6",1,120,2 minutes,Boxing5,5,"125903 = ['1', '2', '5', '9', '0', '3'] = 6/6",1,2700,45 minutes,Bus3,3,"805246 = ['8', '0', '5', '2', '4', '6'] = 6/6",1,900,15 minutes,Dog3,3,"548106 = ['5', '4', '8', '1', '0', '6'] = 6/6",1,50,50 seconds,Sailor4,4,"235108 = ['2', '3', '5', '1', '0', '8'] = 6/6",1,25,2 hours,1,throwing ball for dog,4,boomerang,5,sailing boat to shore,4,boxing match,5,waiting for bus ,3,firing arrow,4,goatee,1,3,2,"look at his watch, whistle",none,695
B,Consent Given,ID_Removed,18,Female,VLFI Score,4.25,VPT Experimental,25/02/2022 14:03,14,636,Practice,"[2, 7, 8, 10, 11, 12, 14] = 2/7",0.285714286, 3 seconds,Archer3,3,"[1, 4, 5, 6, 10, 11, 12] = 4/7",0.571428571,5, 5 seconds,Boomerang4,4,"[1, 2, 3, 4, 5, 6, 10] = 6/7",0.857142857,120, 2 minutes,Boxing4,4,"[1, 3, 4, 5, 7, 14, '-'] = 5/7",0.714285714,60, 1 minute ,Bus5,5,"[2, 4, 5, 6, 8, 10, 14] = 4/7",0.571428571,180, 3 minutes,Dog5,5,"[1, 2, 3, 4, 5, 6, 7] = 7/7",1,20, 20 seconds,Sailor3,3,"[1, 2, 3, 4, 5, 6, 7] = 7/7",1,600, 1 hour,0.785714286,a guy shooting a bow and arrow,3,a boxing ring where there was a knockout,4,a sailor looking at a map and finding shore,3,a boomerang hitting a man in the head after throwing it ,4,a dog running for a ball after it was thrown ,4,a man waiting for the bus,5,3,53,look at his watch,stripes ,2,had a moustache,609
C,Consent Given,ID_Removed,18,Male,VLFI Score,16.5,Corsi Experimental,25/02/2022 17:04,5,507,Practice,"['4', '2', '1', '3', '5'] = 2/5",0.4,15,Archer4,4,"['1', '2', '3', '4', '5'] = 5/5",1,10, 10 seconds,Boomerang5,5,"['1', '2', '3', '4', '5'] = 5/5",1,60, 1 minute,Boxing5,5,"['1', '2', '3', '4', '5'] = 5/5",1,120, 2 minutes,Bus3,3,"['1', '2', '3', '4', '5'] = 5/5",1,1800, 30 minutes,Dog3,3,"['1', '2', '3', '4', '5'] = 5/5",1,30, 30 seconds,Sailor4,4,"['1', '2', '4', '5', '3'] = 2/5",0.4,14400, 48 hours,0.9,A man sailed to an island,4,Archer hits target after sweating,4,Man gets onto a bus,4,Man gets hit by his boomerang after throwing it,5,Man playing fetch with a dog,4,Boxing match and knockout,5,3,striped,a woman,whistle,a mustasche,one,605
A,Consent Given,ID_Removed,20,Female,VLFI Score,5.5,Digit Experimental,02/03/2022 11:04,4,522,Practice,"3965 = ['3', '9', '6', '5'] = 4/4",1,12,Archer5,5,"1592 = ['1', '5', '9', '2'] = 4/4",1,8,8 seconds ,Boomerang3,3,"2613 = ['2', '6', '1', '3'] = 4/4",1,10,10 seconds ,Boxing3,3,"0567 = ['0', '5', '6', '7'] = 4/4",1,20,20 seconds ,Bus4,4,"0934 = ['0', '9', '3', '4'] = 4/4",1,6,6 seconds ,Dog4,4,"6518 = ['6', '5', '1', '8'] = 4/4",1,10,10 seconds ,Sailor5,5,"1305 = ['1', '3', '0', '5'] = 4/4",1,300,25 seconds,1,/,4,/,/,/,/,/,/,A dog was playing fetch with a man throwing a ball. ,4,A man was waiting for a bus and was checking the time.,5,206,none,none,4,3,listen to music/sing ,626
C,Consent Given,ID_Removed,19,Female,VLFI Score,8,VPT Experimental,11/03/2022 10:01,20,734,Practice,"[2, 3, 4, 6, 7, 13, 14, '-', '-', '-'] = 5/10",0.5, 1 minute,Archer4,4,"[2, 4, 5, 6, 9, 10, 11, 19, 20, '-'] = 6/10",0.6,20, 20 seconds,Boomerang5,5,"[1, 2, 6, 7, 8, 10, 11, 13, 14, 17] = 6/10",0.6,10, 10 seconds,Boxing5,5,"[1, 2, 3, 4, 6, 7, 9, 10, '-', '-'] = 8/10",0.8,240, 4 minutes,Bus3,3,"[1, 2, 3, 4, 5, 6, 7, 8, 9, '-'] = 9/10",0.9,180, 3 minutes,Dog3,3,"[1, 2, 3, 4, 5, 6, 8, 9, '-', '-'] = 8/10",0.8,50, 50 seconds,Sailor4,4,"[3, 4, 5, 6, 7, 8, 9, 10, 11, 20] = 8/10",0.8,600, 10 minutes,0.75,"man waiting for bus he checks watch, sees lady go past, bus comes",3,/,/,"archer is getting ready to aim, pulls back arrow, and lets go hitting the target",3,"man throws boomerang, it flies and then hits someones head",3,"two boxers in the ring, few punches, one boxer down",3,"man on boat, taken to shore; is now off the boat",3,4,3,stand still,square,eyebrow,208,769
A,Consent Given,ID_Removed,19,Female,VLFI Score,6.25,Corsi Experimental,16/03/2022 12:04,6,624,Practice,"['1', '2', '3', '4', '5', '6'] = 6/6",1, 2 minutes,Archer5,5,"['1', '6', '2', '3', '5', '4'] = 2/6",0.333333333,5, 5 seconds,Boomerang3,3,"['1', '2', '3', '4', '5', '6'] = 6/6",1,30, 30 seconds,Boxing3,3,"['1', '2', '6', '3', '4', '5'] = 2/6",0.333333333,600, 10 minutes,Bus4,4,"['1', '2', '3', '4', '5', '6'] = 6/6",1,300, 5 minutes,Dog4,4,"['4', '2', '1', '1', '6', '3'] = 1/6",0.166666667,45, 45 seconds,Sailor5,5,"['3', '1', '2', '6', '4', '5'] = 0/6",0,1800, 4 hours,0.472222222,/,/,/,3,a man playing frisbe,4,a man playing fech with his dog,3,a person on a boat sailing to shore ,4,a man doing archery,4,a beard,2,stripes,10,3,waited,597
B,Consent Given,ID_Removed,18,Female,VLFI Score,12.625,Digit Experimental,16/03/2022 13:05,5,532,Practice,"47925 = ['4', '7', '9', '2', '5'] = 5/5",1,15 seconds,Archer3,3,"26759 = ['2', '6', '7', '5', '9'] = 5/5",1,10,10 seconds,Boomerang4,4,"69582 = ['6', '9', '5', '8', '2'] = 5/5",1,15,15 seconds,Boxing4,4,"75691 = ['7', '5', '6', '9', '0'] = 4/5",0.8,45,45 seconds,Bus5,5,"09654 = ['7', '9', '6', '5', '4'] = 4/5",0.8,60,1 minute,Dog5,5,"73840 = ['7', '3', '8', '4', '0'] = 5/5",1,30,30 seconds,Sailor3,3,"12546 = ['1', '2', '5', '4', '6'] = 5/5",1,300,5 minutes,0.933333333,/,/,Playing fetch with a dog,4,Boomerang4,4,Man waiting for a bus,4,Boxing match,4,Sailor trying to find an island,3,2,101,3,Looked at his watch,Beard,Stripes,605
A,Consent Given,ID_Removed,21,Female,VLFI Score,4,VPT Experimental,16/03/2022 16:01,22,802,Practice,"[1, 3, 4, 6, 7, 8, 9, 10, 11, 19, 20] = 9/11",0.818181818, 5 seconds,Archer5,5,"[1, 2, 3, 4, 5, 7, 8, 9, 10, 11, 15] = 10/11",0.909090909,4, 4 seconds,Boomerang3,3,"[3, 4, 5, 10, 14, 17, 18, 19, 22, '-', '-'] = 4/11",0.363636364,10, 10 seconds,Boxing3,3,"[1, 2, 5, 7, 8, 9, 13, 18, 19, 20, '-'] = 6/11",0.545454545,600, 10 minutes,Bus4,4,"[1, 4, 5, 6, 7, 9, 10, 11, 19, 20, '-'] = 8/11",0.727272727,600, 10 minutes,Dog4,4,"[1, 2, 4, 5, 6, 7, 8, 10, 11, 17, 20] = 9/11",0.818181818,60, 1 minute,Sailor5,5,"[2, 6, 7, 10, 11, 13, 15, 19, 20, 22, '-'] = 5/11",0.454545455,1800, 10 minutes,0.636363636,/,4,/,4,dog fetching a ball,4,being hit by a frisbee,4,archery,4,waiting for the bus,4,10,beard,3,not sure,tap his foot,5,440
B,Consent Given,ID_Removed,19,Female,VLFI Score,3.25,Corsi Experimental,17/03/2022 11:03,6,717,Practice,"['3', '1', '2', '4', '5', '6'] = 3/6",0.5, 30 seconds,Archer3,3,"['1', '5', '5', '4', '2', '3'] = 2/6",0.333333333,30, 30 seconds,Boomerang4,4,"['3', '1', '2', '4', '5', '6'] = 3/6",0.5,300, 5 minutes,Boxing4,4,"['1', '3', '2', '4', '5', '6'] = 4/6",0.666666667,20, 20 seconds,Bus5,5,"['1', '3', '2', '4', '5', '6'] = 4/6",0.666666667,900, 15 minutes,Dog5,5,"['2', '1', '3', '5', '6', '4'] = 1/6",0.166666667,30, 30 seconds,Sailor3,3,"['1', '2', '3', '4', '5', '6'] = 6/6",1,1800, 30 minutes,0.555555556,man throwing a ball for his dog,4,man throwing a boomerang,4,man knocking out another man in boxing match,4,man shooting an arrow,3,man waiting for the bus,4,sailor using a map to finds the beach,3,0,moustache,106,a stripe,3,sang a tune,649
C,Consent Given,ID_Removed,27,Female,VLFI Score,20.625,Digit Experimental,17/03/2022 14:41,4,535,Practice,"5841 = ['5', '8', '4', '1'] = 4/4",1,1 min,Archer4,4,"7346 = ['7', '3', '4', '6'] = 4/4",1,120,2min,Boomerang5,5,"1462 = ['1', '4', '6', '2'] = 4/4",1,180,3min,Boxing5,5,"3468 = ['3', '0', '4', '6'] = 1/4",0.25,2,2sec,Bus3,3,"1826 = ['1', '8', '6', '6'] = 3/4",0.75,120,2min,Dog3,3,"1064 = ['1', '0', '6', '4'] = 4/4",1,120,2min,Sailor4,4,"6315 = ['6', '3', '1', '5'] = 4/4",1,18000,5min,0.833333333,a man was waiting for a bus,3,/,/,/,/,"a man through a boomerang, it cam back",4,A man was playing fetch with his dog,3,"A man smoked a pipe, looking at a map. There was a boat in the last pannel",4,horizontal strip,/,3,"looking at his watch, tapping his foot",beard,602,677
B,Consent Given,ID_Removed,30,Female,VLFI Score,2.5,VPT Experimental,18/03/2022 16:07,16,658,Practice,"[1, 2, 3, 4, 5, 6, 7, 8] = 8/8",1, 10 seconds,Archer3,3,"[1, 2, 3, 4, 5, 6, 7, 8] = 8/8",1,5, 5 seconds,Boomerang4,4,"[1, 2, 3, 4, 5, 6, 7, 8] = 8/8",1,30, 30 seconds,Boxing4,4,"[1, 2, 3, 4, 5, 6, 7, 10] = 7/8",0.875,5, 5 seconds,Bus5,5,"[1, 2, 5, 8, 13, 15, 16, '-'] = 4/8",0.5,60, 1 minute,Dog5,5,"[1, 2, 3, 4, 5, 6, 7, 8] = 8/8",1,20, 20 seconds,Sailor3,3,"[2, 6, 10, 11, 12, 14, '-', '-'] = 2/8",0.25,1800, 30 minutes,0.770833333,/,4,/,4,Man sailing then smoking,3,Man playing with a frisbee,4,"Boxing match, man knocked down",3,Man waiting for a bus,5,25,12,/,3,dogtooth,moustache,670
C,Consent Given,ID_Removed,18,Female,VLFI Score,6,Corsi Experimental,23/03/2022 13:04,7,790,Practice,"['1', '2', '3', '4', '5', '6', '7'] = 7/7",1, 10 seconds,Archer4,4,"['1', '2', '3', '4', '5', '6', '7'] = 7/7",1,5, 5 seconds,Boomerang5,5,"['1', '2', '4', '5', '3', '7', '6'] = 2/7",0.285714286,10, 10 seconds,Boxing5,5,"['7', '4', '5', '3', '6', '1', '2'] = 0/7",0,900, 15 minutes,Bus3,3,"['4', '2', '1', '3', '5', '6', '7'] = 4/7",0.571428571,300, 5 minutes,Dog3,3,"['1', '2', '4', '5', '3', '7', '6'] = 2/7",0.285714286,13, 13 seconds,Sailor4,4,"['1', '3', '2', '5', '7', '6', '4'] = 2/7",0.285714286,7200, 30 minutes,0.404761905,man in a boat with a map and he landed in the island ,3,man waiting for the bus then gets on the bus,4,/,/,"dog owner threw a ball for his dog, the dog run to the ball and picked it up",3,boxing match same panel was shown 3 times,5,guy threw a boomarang which flew around him and hit him on the back of the head,5,stood there whistleing,no pattern,4,21,no facial hair,none it was a sailboat,832
A,Consent Given,ID_Removed,19,Female,VLFI Score,2.75,Digit Experimental,23/03/2022 14:08,6,603,Practice,"639172 = ['6', '3', '9', '1', '7', '2'] = 6/6",1,10 minutes,Archer5,5,"814026 = ['8', '1', '4', '0', '2', '6'] = 6/6",1,2,2 seconds,Boomerang3,3,"359278 = ['3', '5', '9', '2', '7', '8'] = 6/6",1,20,20 seconds,Boxing3,3,"693078 = ['6', '9', '3', '0', '7', '8'] = 6/6",1,10,10 seconds,Bus4,4,"109528 = ['1', '0', '9', '5', '2', '8'] = 6/6",1,5,5 seconds,Dog4,4,"590741 = ['5', '9', '0', '7', '4', '1'] = 6/6",1,25,25 seconds,Sailor5,5,"751439 = ['7', '5', '1', '4', '3', '9'] = 6/6",1,1200,5 hours,1,man running for bus,4,archery,4,sailing,4,dog running for ball,4,man getting hit by a boomerang,4,man beaten up in a boxing ring,4,12,stood there bored,none,3,beard,12,634
C,Consent Given,ID_Removed,19,Female,VLFI Score,2.875,VPT Experimental,24/03/2022 10:05,16,720,Practice,"[1, 2, 3, 4, 5, 6, 7, 8] = 8/8",1, 10 minutes,Archer4,4,"[4, 6, 7, 9, 10, 11, 15, '-'] = 3/8",0.375,30, 30 seconds,Boomerang5,5,"[1, 2, 3, 4, 5, 6, 7, 8] = 8/8",1,30, 30 seconds,Boxing5,5,"[1, 2, 3, 4, 6, 7, 8, '-'] = 7/8",0.875,60, 1 minute,Bus3,3,"[1, 2, 3, 4, 5, 6, 7, 8] = 8/8",1,600, 10 minutes,Dog3,3,"[1, 2, 4, 5, 6, 7, 8, '-'] = 7/8",0.875,30, 30 seconds,Sailor4,4,"[1, 2, 3, 4, 5, 6, 7, 8] = 8/8",1,3600, 30 minutes,0.854166667,"bow and arrow, hitting bulls eye",4,/,4,/,4,women running late for the bus,4,guy throwing the ball for the dog and the dog bringing it back,4,"boxing, the guy knocked him out",4,2,not sure,look at his watch,201,3,beard,542
A,Consent Given,ID_Removed,27,Male,VLFI Score,2.375,Corsi Experimental,24/03/2022 11:04,7,747,Practice,"['1', '5', '2', '7', '3', '4', '6'] = 1/7",0.142857143, 7 seconds,Archer5,5,"['1', '2', '3', '3', '3', '7', '5'] = 3/7",0.428571429,30, 30 seconds,Boomerang3,3,"['2', '1', '6', '7', '5', '4', '3'] = 1/7",0.142857143,12, 12 seconds,Boxing3,3,"['3', '1', '6', '5', '2', '7', '4'] = 0/7",0,3, 3 seconds,Bus4,4,"['1', '2', '6', '5', '3', '4', '7'] = 3/7",0.428571429,600, 10 minutes,Dog4,4,"['1', '2', '3', '4', '5', '6', '7'] = 7/7",1,10, 10 seconds,Sailor5,5,"['1', '2', '4', '5', '3', '6', '7'] = 4/7",0.571428571,7200, 2 hours,0.428571429,sailor holding a treasure map sails a ship to a desert island,4,person throws a ball for a dog who fetches it back,4,unable to remember,5,man is waiting for a bus that takes time to arrive,4,man throws boomerang which then hits him in the back of the head,4,"boxing match, one boxer is punch by the other and is knocked out",3,6,checks his watch,10,beard,none,none,767
B,Consent Given,ID_Removed,19,Female,VLFI Score,3,Digit Experimental,24/03/2022 13:02,4,381,Practice,"4036 = ['4', '0', '6', '3'] = 2/4",0.5,5 minutes,Archer3,3,"0923 = ['0', '9', '2', '3'] = 4/4",1,4,4 seconds,Boomerang4,4,"7624 = ['7', '6', '2', '4'] = 4/4",1,120,2 minutes,Boxing4,4,"9781 = ['9', '7', '8', '1'] = 4/4",1,1800,30 minutes,Bus5,5,"9687 = ['9', '8', '6', '7'] = 2/4",0.5,300,5 minutes,Dog5,5,"4370 = ['4', '3', '7', '0'] = 4/4",1,30,30 seconds,Sailor3,3,"3826 = ['3', '8', '2', '6'] = 4/4",1,64800,20 minutes,0.916666667,can't remember ,/,guy shooting an arrow,3,guy waiting for the bus,5,sailor finding land,3,getting hit with a boomarang ,4,guys boxing,4,2,sing,3?,4,n/a,beard,481
A,Consent Given,ID_Removed,19,Female,VLFI Score,4.75,VPT Experimental,24/03/2022 15:26,16,654,Practice,"[1, 3, 4, 5, 6, 7, 9, 15] = 6/8",0.75, 1 hour,Archer5,5,"[1, 3, 4, 6, 7, 8, '-', '-'] = 6/8",0.75,2, 2 seconds,Boomerang3,3,"[3, 4, 5, 8, 14, 16, '-', '-'] = 4/8",0.5,5, 5 seconds,Boxing3,3,"[1, 2, 3, 4, 5, 6, 7, 13] = 7/8",0.875,2, 2 seconds,Bus4,4,"[1, 2, 3, 9, 10, 13, '-', '-'] = 3/8",0.375,60, 1 minute,Dog4,4,"[1, 2, 4, 5, 6, 7, 8, '-'] = 7/8",0.875,10, 10 seconds,Sailor5,5,"[1, 4, 5, 6, 7, 10, 16, '-'] = 5/8",0.625,86400, 1 hour,0.666666667,Award ceremony,4,Person throwing a ball for a dog,3,Someone throwing and being hit by a boomerang,4,A boat trying to sail in the correct direction,4,A man waiting  for the bus,4,/,/,Sing,?,3,none,2,220,535
B,Consent Given,ID_Removed,19,Non-Binary,VLFI Score,4,Corsi Experimental,24/03/2022 16:04,6,672,Practice,"['1', '2', '3', '4', '6', '5'] = 4/6",0.666666667, 7 seconds,Archer3,3,"['1', '2', '4', '3', '6', '5'] = 2/6",0.333333333,10, 10 seconds,Boomerang4,4,"['1', '2', '3', '6', '5', '4'] = 4/6",0.666666667,1800, 30 minutes,Boxing4,4,"['1', '2', '3', '4', '6', '5'] = 4/6",0.666666667,5, 5 seconds,Bus5,5,"['5', '4', '2', '3', '1', '6'] = 1/6",0.166666667,15, 15 seconds,Dog5,5,"['1', '2', '3', '6', '5', '4'] = 4/6",0.666666667,10, 10 seconds,Sailor3,3,"['1', '4', '3', '2', '5', '6'] = 4/6",0.666666667,14400, 2 hours,0.527777778,"man waiting for bus, held out his hand, bus came",4,"man throws ball for dog, dog runs after ball, dog brings ball back",5,"2 men in boxing ring, pow pow, punches thrown, dark haired man on floor",4,/,/,/,/,/,/,pointy goatee,3,tap on his watch,36,checkered,2,687
C,Consent Given,ID_Removed,30,Female,VLFI Score,26.75,Digit Experimental,24/03/2022 17:00,6,583,Practice,"956074 = ['9', '5', '0', '6', '7', '4'] = 4/6",0.666666667,3 hours,Archer4,4,"146902 = ['1', '4', '6', '0', '9', '2'] = 4/6",0.666666667,3,3 seconds,Boomerang5,5,"081237 = ['0', '8', '1', '2', '3', '7'] = 6/6",1,15,15 seconds,Boxing5,5,"748026 = ['7', '4', '8', '0', '2', '6'] = 6/6",1,1080,18 minutes,Bus3,3,"470152 = ['4', '7', '1', '5', '0', '2'] = 3/6",0.5,600,10 minutes,Dog3,3,"541790 = ['5', '4', '1', '7', '9', '0'] = 6/6",1,40,40 seconds,Sailor4,4,"243850 = ['2', '8', '3', '0', '5', '0'] = 4/6",0.666666667,2700,18 hours,0.805555556,A guy was waiting for his bus and got distracted by a women then got on the bus,5,A guy threw a boomerang and it hit him in the head,5,A boxing fight ensued with the protagonist being the victor,5,A man threw his ball for his dog (playing fetch) the dog brought it back,5,"A man was traversing the seas, from island to island or maybe one specific one which he later arrived on",5,A man was shooting a target in archery and was sweating with concentration with what probably felt like forever to him but likely lasted only several moments before he shot it,5,There wasn't one?,"2 or 3, maybe 2",3,a moustache and a goatee beard?,check his watch? Or maybe eat an apple?,412,720
B,Consent Given,ID_Removed,20,Male,VLFI Score,7.5,VPT Experimental,25/03/2022 10:05,16,671,Practice,"[1, 2, 3, 4, 5, 6, 7, 8] = 8/8",1, 1 minute,Archer3,3,"[2, 4, 6, 7, 11, 12, '-', '-'] = 4/8",0.5,5, 5 seconds,Boomerang4,4,"[5, 6, 7, 8, 10, 14, '-', '-'] = 4/8",0.5,60, 1 minute,Boxing4,4,"[1, 2, 3, 4, 6, 7, 9, 15] = 6/8",0.75,2, 2 seconds,Bus5,5,"[1, 2, 3, 5, 6, 7, 8, 12] = 7/8",0.875,60, 1 minute,Dog5,5,"[1, 3, 4, 5, 6, 7, 8, 9] = 7/8",0.875,3, 3 seconds,Sailor3,3,"[1, 2, 3, 4, 5, 6, 7, 8] = 8/8",1,10, 1 day,0.75,A man waited for the bus to arrive.,4,A fighter knocked someone out.,4,A archer shot an arrow into a target.,3,A dog ran to fetch a ball.,5,A man got hit on the head with his own boomerang.,4,A man sailed his boat to an island.,3,I dont know,Whistled,I dont know,I don't know,I dont know,245,668
C,Consent Given,ID_Removed,23,Female,VLFI Score,3,Corsi Experimental,25/03/2022 12:04,7,789,Practice,"['1', '2', '3', '4', '5', '7', '6'] = 5/7",0.714285714, 5 minutes,Archer4,4,"['1', '2', '3', '7', '4', '6', '5'] = 4/7",0.571428571,2, 2 seconds,Boomerang5,5,"['1', '2', '3', '7', '4', '5', '6'] = 3/7",0.428571429,20, 20 seconds,Boxing5,5,"['1', '3', '2', '4', '5', '6', '7'] = 5/7",0.714285714,1800, 30 minutes,Bus3,3,"['1', '2', '3', '5', '4', '6', '7'] = 5/7",0.714285714,2700, 45 minutes,Dog3,3,"['1', '7', '3', '4', '5', '6', '2'] = 5/7",0.714285714,20, 20 seconds,Sailor4,4,"['6', '2', '1', '5', '7', '4', '3'] = 1/7",0.142857143,7200, 4 hours,0.547619048,/,/,Bow and Arrow,4,Dog playing fetch,3,Boxink match,4,Boomerang5,4,Bus stop,4,52,Whitsle music,3,2,Zigzag,Beard,642
A,Consent Given,ID_Removed,19,Female,VLFI Score,2.25,Digit Experimental,25/03/2022 14:02,8,939,Practice,"10952837 = ['1', '0', '9', '5', '3', '8', '7', ' '] = 5/8",0.625,15 seconds,Archer5,5,"53069817 = ['5', '3', '0', '6', '9', '8', '1', '7'] = 8/8",1,20,20 seconds,Boomerang3,3,"38519246 = ['5', '8', '9', '2', '3', '1', '5', '6'] = 2/8",0.25,50,50 seconds,Boxing3,3,"62397584 = ['6', '2', '3', '9', '7', '5', '8', '4'] = 8/8",1,30,30 seconds,Bus4,4,"75308649 = ['7', '0', '3', '5', '3', '9', '8', '4'] = 2/8",0.25,120,2 minutes,Dog4,4,"23579684 = ['2', '3', '5', '7', '9', '6', '8', '4'] = 8/8",1,60,1 minute,Sailor5,5,"70392458 = ['7', '0', '3', '9', '2', '4', '5', '0'] = 7/8",0.875,10,45 minutes,0.729166667,cant remember ,?,a man looking at a map and sailing through the ocean to an island,4,a man throwing a stick for his dog and the dog fetching it and bringing it back,4,"a boxing match, one of the boxers got knocked out",3,man waiting for the bus and then it arrived,4,boomerang got thrown and hit the man in the back of the head,3,he was looking into the sky for it,a moustache,603,2,zig zag going horizontal,one,746
C,Consent Given,ID_Removed,19,Female,VLFI Score,1.5,VPT Experimental,25/03/2022 16:57,18,774,Practice,"[3, 4, 6, 7, 8, 9, 13, 15, '-'] = 6/9",0.666666667, 5 minutes,Archer4,4,"[1, 2, 3, 4, 6, 7, 8, 9, 15] = 8/9",0.888888889,3, 3 seconds,Boomerang5,5,"[1, 2, 4, 5, 6, 8, 9, 12, '-'] = 7/9",0.777777778,5, 5 seconds,Boxing5,5,"[1, 2, 3, 4, 5, 6, 7, 8, 9] = 9/9",1,60, 1 minute,Bus3,3,"[1, 2, 3, 4, 5, 8, 9, 18, '-'] = 7/9",0.777777778,120, 2 minutes,Dog3,3,"[6, 9, 10, 12, 16, 18, '-', '-', '-'] = 2/9",0.222222222,8, 8 seconds,Sailor4,4,"[2, 3, 6, 8, 12, 13, 15, '-', '-'] = 4/9",0.444444444,180, 10 seconds,0.685185185,sailor on a ship,5,/,/,man getting hit by a boomerang after checking watch,4,dog chasing a ball being thrown by its owner,5,boxing match victory,5,man waiting for a bus,4,213,3,no facial hair,no pattern,check his watch,4,579
A,Consent Given,ID_Removed,19,Male,VLFI Score,14,Corsi Experimental,30/03/2022 10:33,6,655,Practice,"['1', '2', '4', '5', '3', '6'] = 3/6",0.5, 30 seconds,Archer5,5,"['1', '4', '3', '2', '5', '6'] = 4/6",0.666666667,30, 30 seconds,Boomerang3,3,"['1', '2', '3', '4', '5', '6'] = 6/6",1,1800, 30 minutes,Boxing3,3,"['1', '2', '3', '4', '5', '6'] = 6/6",1,10, 10 seconds,Bus4,4,"['1', '2', '4', '3', '5', '6'] = 4/6",0.666666667,30, 30 seconds,Dog4,4,"['1', '2', '3', '4', '5', '6'] = 6/6",1,20, 20 seconds,Sailor5,5,"['1', '2', '3', '4', '5', '6'] = 6/6",1,14400, 2 hours,0.888888889,Man sailing a boat,4,/,/,/,/,man waits for bus,4,boomerang,4,Dog fetches ball,4,stripes,204,whistle,none,4,3,637
B,Consent Given,ID_Removed,18,Female,VLFI Score,20.5,Digit Experimental,30/03/2022 11:04,5,646,Practice,"24876 = ['2', '4', '8', '7', '6'] = 5/5",1,6,Archer3,3,"25130 = ['2', '5', '1', '3', '0'] = 5/5",1,9,9 seconds,Boomerang4,4,"56072 = ['5', '6', '0', '7', '2'] = 5/5",1,13,13 seconds,Boxing4,4,"75019 = ['7', '5', '0', '1', ' '] = 4/5",0.8,4,4 seconds,Bus5,5,"83512 = ['8', '5', '1', '3', ' '] = 1/5",0.2,5,5 seconds,Dog5,5,"39860 = ['3', '9', '8', '6', '0'] = 5/5",1,9,9 seconds,Sailor3,3,"62910 = ['6', '2', '9', '1', '0'] = 5/5",1,1800,10 seconds,0.833333333,Someone looking at a map on a boat for directions,3,two people boxing in a ring. one of them got knocked out ,4,someone waiting looking at their watch ,5,there was someone looking after a dog,4,/,/,/,/,look at his watch,didnt have any facial hair,1 porthhole,a checked pattern,3,2,1237
A,Consent Given,ID_Removed,26,Female,VLFI Score,2.75,VPT Experimental,30/03/2022 13:03,16,691,Practice,"[1, 3, 4, 5, 6, 7, 8, '-'] = 7/8",0.875, 15 minutes,Archer5,5,"[1, 2, 3, 4, 5, 6, 7, '-'] = 7/8",0.875,60, 1 minute,Boomerang3,3,"[2, 3, 4, 5, 6, 7, 8, '-'] = 7/8",0.875,10, 10 seconds,Boxing3,3,"[1, 2, 3, 4, 5, 6, 7, 8] = 8/8",1,30, 30 seconds,Bus4,4,"[1, 3, 4, 8, 10, 11, 13, 16] = 4/8",0.5,120, 2 minutes,Dog4,4,"[1, 2, 3, 4, 5, 6, 7, 8] = 8/8",1,10, 10 seconds,Sailor5,5,"[1, 2, 3, 4, 5, 6, 7, 8] = 8/8",1,60, 3 minutes,0.875,dog running up to someone ,4,shooting a bow and arrow,3,boxing match knock out,3,man waiting for a bus and the bus arriving,4,ship sailing past sailor,4,/,/,4,1,watched,unsure,3,none,508
B,Consent Given,ID_Removed,20,Female,VLFI Score,10.875,Corsi Experimental,30/03/2022 13:29,5,633,Practice,"['3', '1', '3', '1', '2'] = 1/5",0.2, 1 hour,Archer3,3,"['1', '2', '3', '4', '5'] = 5/5",1,10, 10 seconds,Boomerang4,4,"['1', '2', '3', '4', '5'] = 5/5",1,2, 2 seconds,Boxing4,4,"['1', '2', '3', '4', '5'] = 5/5",1,30, 30 seconds,Bus5,5,"['1', '3', '2', '5', '4'] = 1/5",0.2,240, 4 minutes,Dog5,5,"['1', '2', '3', '5', '4'] = 3/5",0.6,2, 2 secons,Sailor3,3,"['2', '1', '5', '3', '4'] = 0/5",0,86400, 4 hours,0.633333333,/,/,guy was looking at clock and it was 2;04 and then 2;06,4,sailor looking at map all water and in the end went and reached the land ,3,frizbee hit mans head ,4,archery man hit the target and was nervous ,3,a dog and ball,4,stripes,beard,reading newspaper,3,/,6,570
C,Consent Given,ID_Removed,20,Female,VLFI Score,10.5,Digit Experimental,30/03/2022 14:13,6,723,Practice,"076498 = ['0', '7', '4', '6', '8', '3'] = 2/6",0.333333333,3 minutes,Archer4,4,"490138 = ['4', '9', '0', '1', '3', '8'] = 6/6",1,3,3 seconds,Boomerang5,5,"286043 = ['2', '8', '6', '0', '4', '3'] = 6/6",1,5,5 seconds,Boxing5,5,"207983 = ['2', '0', '7', '9', '8', '3'] = 6/6",1,20,20 seconds,Bus3,3,"941382 = ['9', '4', '1', '3', '8', '2'] = 6/6",1,120,2 minutes,Dog3,3,"325981 = ['3', '2', '5', '9', '8', '1'] = 6/6",1,5,5 seconds,Sailor4,4,"745286 = ['7', '4', '5', '2', '8', '6'] = 6/6",1,18000,30 minutes,1,waiting for a bus,3,ship sailing,3,boomerang,4,dog fetch,4,wrestling,5,dont remember ,0,4,did not see,4,beard & mustache,206,go on his phone,855
B,Consent Given,ID_Removed,19,Female,VLFI Score,6.75,VPT Experimental,30/03/2022 16:38,14,635,Practice,"[1, 5, 9, 12, 14, '-', '-'] = 2/7",0.285714286, 10 mins,Archer3,3,"[1, 2, 3, 4, 5, 6, 7] = 7/7",1,2, 2 seconds,Boomerang4,4,"[1, 2, 3, 4, 5, 7, '-'] = 6/7",0.857142857,5, 5 seconds,Boxing4,4,"[1, 2, 4, 5, 6, 7, '-'] = 6/7",0.857142857,2, 2 seconds,Bus5,5,"[1, 2, 3, 4, 5, 6, 7] = 7/7",1,3, 3 seconds,Dog5,5,"[1, 2, 3, 4, 5, 6, 7] = 7/7",1,5, 5 seconds,Sailor3,3,"[1, 2, 3, 4, 6, 7, '-'] = 6/7",0.857142857,600, 1 min,0.928571429,cant remember??,4?,"throwing a boomarang, waiting and it hitting him",4,"boxing patch, a punch being thrown",4,a man catching a bus,4,dog fetching a ball,4,navagating on a boat where to go,4,1,was not one,none,128,3,whistle,588
C,Consent Given,ID_Removed,18,Female,VLFI Score,7.875,Corsi Experimental,30/03/2022 17:08,5,628,Practice,"['1', '2', '3', '4', '5'] = 5/5",1, 20 seconds,Archer4,4,"['1', '2', '3', '4', '5'] = 5/5",1,15, 15 seconds,Boomerang5,5,"['1', '4', '3', '2', '5'] = 3/5",0.6,60, 1 minute,Boxing5,5,"['1', '2', '3', '5', '4'] = 3/5",0.6,1200, 20 minutes,Bus3,3,"['1', '2', '4', '3', '5'] = 3/5",0.6,180, 3 minutes,Dog3,3,"['1', '2', '5', '4', '3'] = 3/5",0.6,40, 40 seconds,Sailor4,4,"['2', '1', '4', '5', '3'] = 0/5",0,14400, 24 hours,0.566666667,"Pirate looking at map to land ship on land, and finds land",4,Owner throws dog a ball and dog retrieves it,3,Man throws a boomerang and it comes back and hits him in the face,3,"Old man waiting for bus and checks his watch, bus eventually arrives",4,/,/,/,/,beard,3 across each side,stripes(?),nothing,4?,3,786
A,Consent Given,ID_Removed,19,Female,VLFI Score,2.875,Digit Experimental,31/03/2022 09:02,6,590,Practice,"895763 = ['8', '9', '5', '7', '6', '3'] = 6/6",1,5 minutes,Archer5,5,"806742 = ['8', '0', '6', '7', '4', '2'] = 6/6",1,10,10 seconds,Boomerang3,3,"936158 = ['9', '3', '6', '1', '5', '8'] = 6/6",1,30,30 seconds,Boxing3,3,"261985 = ['2', '6', '1', '9', '8', '5'] = 6/6",1,120,2 minutes,Bus4,4,"429710 = ['4', '2', '9', '7', '6', '1'] = 4/6",0.666666667,600,10 minutes,Dog4,4,"284650 = ['2', '8', '4', '6', '5', '0'] = 6/6",1,40,40 seconds,Sailor5,5,"825673 = ['8', '2', '5', '6', '7', '3'] = 6/6",1,3600,5 hours,0.944444445,The man threw a ball for the dog to fetch and the dog caught it,4,A guy threw a boomerang and it came back and his his head,3,There was an archer with a bow and arrow who hit the target,4,There was a man waiting for the bus and looking at his watch,4,A sailor looking at a map and then eventually arrived on land,4,There was a boxing match and the one the guys got punched ,3,6,moustache,8,51,looked at the sky,zigzag,792
C,Consent Given,ID_Removed,19,Female,VLFI Score,4.125,VPT Experimental,31/03/2022 09:51,18,752,Practice,"[1, 2, 3, 4, 5, 6, 7, 8, 9] = 9/9",1, 3 minutes,Archer4,4,"[1, 2, 3, 4, 5, 7, 8, 9, 18] = 8/9",0.888888889,15, 15 seconds,Boomerang5,5,"[1, 2, 3, 4, 5, 6, 7, 8, 9] = 9/9",1,10, 10 seconds,Boxing5,5,"[1, 2, 3, 4, 5, 6, 7, 8, 9] = 9/9",1,180, 3 minutes,Bus3,3,"[1, 2, 3, 4, 5, 7, 8, 9, '-'] = 8/9",0.888888889,300, 5 minutes,Dog3,3,"[1, 2, 3, 5, 7, 8, 9, '-', '-'] = 7/9",0.777777778,45, 45 seconds,Sailor4,4,"[1, 2, 3, 4, 5, 7, 9, 13, '-'] = 7/9",0.777777778,10800, 10 minutes,0.888888889,a man was preparing to shoot an arrow ,5,a man looking at the map on his boat and arriving at land,4,2 men boxing and one of them wins ,5,a man throwing a ball and waiting for his dog to fetch ,5,a man throwing a boomerang and waiting for it to come back and it eventually came back,5,a man waiting for the bus looking at his watch and a lsy runnng towards it when the bus arrived ,6,none ,3,2,206,look at his watch ,stripes,676
A,Consent Given,ID_Removed,18,Female,VLFI Score,17.25,Corsi Experimental,31/03/2022 10:42,5,544,Practice,"['1', '2', '3', '4', '5'] = 5/5",1, 2 seconds,Archer5,5,"['1', '2', '3', '4', '5'] = 5/5",1,3, 3 seconds,Boomerang3,3,"['1', '2', '3', '4', '5'] = 5/5",1,60, 1 minute,Boxing3,3,"['1', '2', '5', '4', '3'] = 3/5",0.6,300, 5 minutes,Bus4,4,"['1', '3', '2', '5', '4'] = 1/5",0.2,120, 2 minutes,Dog4,4,"['1', '5', '3', '2', '4'] = 2/5",0.4,4, 4 seconds,Sailor5,5,"['2', '3', '4', '5', '1'] = 0/5",0,10800, 4 hours,0.533333333,/,4,Playing fetch with dog,4,/,4,/,4,Threw boomerang and got hit in the head by it,4,"Waiting for bus, bus arrived",4,207,6,moustache,2,sang,/,627
B,Consent Given,ID_Removed,20,Male,VLFI Score,6,Digit Experimental,31/03/2022 11:37,5,498,Practice,"20856 = ['2', '8', '0', '5', '6'] = 3/5",0.6,10sec,Archer3,3,"06187 = ['0', '6', '1', '8', '7'] = 5/5",1,10,10sec,Boomerang4,4,"13756 = ['1', '3', '7', '5', '6'] = 5/5",1,15,15sec,Boxing4,4,"78592 = ['7', '8', '5', '9', '2'] = 5/5",1,20,20sec,Bus5,5,"93156 = ['9', '3', '1', '5', '6'] = 5/5",1,30,30sec,Dog5,5,"69480 = ['6', '9', '4', '8', '0'] = 5/5",1,20,20sec,Sailor3,3,"71604 = ['7', '1', '6', '0', '4'] = 5/5",1,14400,1hour,1,/,5,/,/,"A man was waiting for the bus at a bus stop, the bus arrived immedietely",4,A man thrown a small ball to his dog and the dog went and got the ball and brought the ball back,4,A man on a boat was trying to get to the island,4,A man throw the frisbee and the frisbee came behind him and hited his head,4,Whistle ,246,--,wavy,--,/,604
A,Consent Given,ID_Removed,19,Male,VLFI Score,13.25,VPT Experimental,31/03/2022 12:32,18,658,Practice,"[2, 3, 4, 5, 9, 14, 16, '-', '-'] = 5/9",0.555555556, 5 miniuets ,Archer5,5,"[1, 2, 3, 4, 5, 6, 7, 8, 9] = 9/9",1,15, 15 seconds,Boomerang3,3,"[1, 2, 3, 4, 5, 6, 7, 8, 9] = 9/9",1,1800, 30 mins,Boxing3,3,"[2, 10, 11, 14, 15, 16, 17, 18, '-'] = 1/9",0.111111111,300, 5 mins ,Bus4,4,"[1, 2, 3, 4, 5, 6, 7, 8, 9] = 9/9",1,120, 2 mins,Dog4,4,"[1, 2, 4, 5, 6, 7, 8, 9, '-'] = 8/9",0.888888889,300, 5 mins,Sailor5,5,"[1, 2, 3, 5, 9, 11, 12, 13, 16] = 5/9",0.555555556,3600, 3 hours,0.759259259,man missed his bus,3,/,/,/,/,"boomerang being thrown, hits back of head",3,sailor travelling to an island ,4,dog playing fetch,3,none,3,check his watch,3 on each side ,mustache ,206,528
B,Consent Given,ID_Removed,20,Male,VLFI Score,7.625,Corsi Experimental,31/03/2022 13:02,4,482,Practice,"['1', '3', '4', '2'] = 1/4",0.25, 10 minuetes ,Archer3,3,"['1', '2', '3', '4'] = 4/4",1,1, 1 second,Boomerang4,4,"['1', '2', '3', '4'] = 4/4",1,5, 5 seconds,Boxing4,4,"['1', '2', '4', '3'] = 2/4",0.5,2, 2 seconds,Bus5,5,"['4', '2', '1', '3'] = 1/4",0.25,60, 1 minute,Dog5,5,"['1', '2', '4', '3'] = 2/4",0.5,20, 20 seconds,Sailor3,3,"['2', '1', '3', '4'] = 2/4",0.5,172800, 3 hours,0.625,winng an award ????,5,throwing ball for a dog,5,throwing a boomerang and hitting his own head,4,waiting for a late bus,5,on aa ship and finding land,3,boxing fight and one boxer got punched,4,3,none,1,?,checked his watch,stripped,589
C,Consent Given,ID_Removed,19,Male,VLFI Score,13.875,Digit Experimental,31/03/2022 13:34,6,636,Practice,"176845 = ['1', '7', '8', '6', '4', '5'] = 4/6",0.666666667,10 seconds,Archer4,4,"856194 = ['8', '5', '6', '1', '9', '4'] = 6/6",1,5,5 seconds,Boomerang5,5,"285437 = ['2', '8', '5', '4', '3', '7'] = 6/6",1,5,5 seconds,Boxing5,5,"073182 = ['7', '0', '3', '1', '8', '2'] = 4/6",0.666666667,4,4 seconds,Bus3,3,"235096 = ['2', '3', '5', '0', '9', '6'] = 6/6",1,300,5 minutes,Dog3,3,"709356 = ['7', '0', '9', '3', '5', '6'] = 6/6",1,12,12 seconds,Sailor4,4,"725310 = ['7', '2', '5', '3', '1', '0'] = 6/6",1,43200,4 hours,0.944444445,"A man was waiting for a bus, checked his watch and got on when it arrived",3,A man on a boat sailing towards an island,4,A man throwing a ball for his dig and waiting for it to return,3,An archer hitting the bullseye,4,A boxer knocking out their opponent,5,A man throwing a boomerang and it returning and hitting him in the head,4,Goatee,3,none,2,whistled a song,206,603
B,Consent Given,ID_Removed,19,Female,VLFI Score,19.5,VPT Experimental,31/03/2022 16:04,18,728,Practice,"[3, 4, 8, 14, 15, 16, '-', '-', '-'] = 3/9",0.333333333, 10 seconds,Archer3,3,"[1, 2, 3, 4, 5, 6, 7, 8, 9] = 9/9",1,3, 3 seconds,Boomerang4,4,"[1, 2, 3, 4, 5, 6, 7, 8, 9] = 9/9",1,7, 7 seconds,Boxing4,4,"[1, 2, 3, 4, 5, 6, 7, 8, 9] = 9/9",1,15, 15 seconds,Bus5,5,"[1, 2, 3, 4, 5, 6, 7, 8, 9] = 9/9",1,120, 2 minutes,Dog5,5,"[1, 2, 4, 5, 6, 7, 8, 9, '-'] = 8/9",0.888888889,15, 15 seconds,Sailor3,3,"[1, 2, 3, 4, 5, 6, 7, 8, 9] = 9/9",1,3600, 1 hour,0.981481482,waiting for the bus,5,throwing a boomerang,4,throwing a ball for a dog,5,sailor trying to find land,3,boxing match,4,an archer shooting an arrow,3,checkered,2,3,moustache,283,whistle,631
C,Consent Given,ID_Removed,20,Female,VLFI Score,4.125,Corsi Experimental,31/03/2022 17:03,5,489,Practice,"['1', '2', '3', '4', '5'] = 5/5",1, 2 seconds,Archer4,4,"['3', '5', '2', '1', '4'] = 0/5",0,10, 10 seconds,Boomerang5,5,"['1', '3', '2', '4', '5'] = 3/5",0.6,180, 3 minutes,Boxing5,5,"['5', '2', '4', '1', '3'] = 1/5",0.2,180, 3 minutes,Bus3,3,"['1', '2', '3', '5', '4'] = 3/5",0.6,900, 15 minutes,Dog3,3,"['2', '1', '3', '4', '5'] = 3/5",0.6,60, 1 minute,Sailor4,4,"['2', '4', '3', '1', '5'] = 2/5",0.4,7200, 48 hours,0.4,"a man is waiting for a bus, he sees a lady running past and then the bus arrives",4,"a boxing match is taking place, one boxer makes 3 hits and knocks his opponent out",5,a man is waving to someone,3,"a man throws a boomerang, whilst the boomerang is in the air he listens to a song before the boomerang comes back and hits him in the head",5,"a man throwing ball to his dog, the dog fetches and returns it to the man",3,"a man is sailing out  to sea and is looking at his map, he manages to find the shore",3,3,stripes,whistled a song,a beard,2,no number,800
A,Consent Given,ID_Removed,19,Male,VLFI Score,1.75,Digit Experimental,01/04/2022 09:17,6,607,Practice,"165894 = ['1', '6', '5', '9', '8', '4'] = 4/6",0.666666667,15 seconds,Archer5,5,"874192 = ['8', '7', '4', '1', '9', '2'] = 6/6",1,5,5 seconds,Boomerang3,3,"925081 = ['9', '2', '5', '0', '8', '1'] = 6/6",1,10,10 seconds,Boxing3,3,"509427 = ['5', '0', '9', '4', '2', '7'] = 6/6",1,2,2 seconds,Bus4,4,"375984 = ['3', '7', '5', '9', '8', '4'] = 6/6",1,120,2 minutes,Dog4,4,"067184 = ['0', '6', '7', '1', '8', '4'] = 6/6",1,20,20 seconds,Sailor5,5,"617302 = ['6', '1', '7', '3', '0', '2'] = 6/6",1,3600,12 hours,1,archer firing a shot,5,boomerang came back and hit the thrower,4,dog playing fetch,4,boxing punch and ko,3,sailer on the sea and then finds land,4,man waiting at bus stop looking at watch then bus came,4,301,2,3,horizontal stripes,sing a song/whistle a song,long beard and mustache,554
C,Consent Given,ID_Removed,20,Female,VLFI Score,3.25,VPT Experimental,01/04/2022 09:59,12,570,Practice,"[1, 4, 6, 10, 11, '-'] = 3/6",0.5, 1 min,Archer4,4,"[1, 2, 3, 4, 5, '-'] = 5/6",0.833333333,5, 5 secs,Boomerang5,5,"[2, 3, 4, 5, 11, '-'] = 4/6",0.666666667,60, 1 min,Boxing5,5,"[1, 2, 3, 5, 6, 7] = 5/6",0.833333333,180, 3 mins,Bus3,3,"[1, 2, 3, 4, 5, 6] = 6/6",1,300, 5 min,Dog3,3,"[1, 2, 4, 5, 6, '-'] = 5/6",0.833333333,15, 15 secs,Sailor4,4,"[1, 3, 5, 6, 8, 12] = 4/6",0.666666667,120, 1 hour,0.805555556,shouting,2,throwing a sock,2,throwing a ball,2,waiting for the bus,3,boxing match,2,sailing ,2,3,beard,4,stripes,5,sing,520
A,Consent Given,ID_Removed,20,Female,VLFI Score,19.25,Corsi Experimental,01/04/2022 10:45,6,685,Practice,"['1', '2', '3', '5', '4', '6'] = 4/6",0.666666667, 2 minutes,Archer5,5,"['1', '2', '3', '4', '5', '6'] = 6/6",1,30, 30 seconds,Boomerang3,3,"['1', '2', '3', '4', '5', '6'] = 6/6",1,15, 15 seconds,Boxing3,3,"['1', '3', '2', '4', '5', '6'] = 4/6",0.666666667,30, 30 seconds,Bus4,4,"['1', '2', '3', '5', '4', '6'] = 4/6",0.666666667,60, 1 minute,Dog4,4,"['1', '3', '2', '5', '4', '6'] = 2/6",0.333333333,20, 20 seconds,Sailor5,5,"['1', '3', '5', '2', '4', '6'] = 2/6",0.333333333,172800, 2 hours,0.666666667,A man played fetch with a dog,3,A man was sailing on a boat,4,A man was doing archery ,4,A man was checking the time on his watch for the bus,4,Two men were having a boxing match ,3,A man was sleeping and waking up,3,Beard Stubble,Check his watch,Stripes ,2,24,4,681
B,Consent Given,ID_Removed,18,Female,VLFI Score,12.375,Digit Experimental,01/04/2022 11:33,4,380,Practice,"7245 = ['7', '4', '2', '0'] = 1/4",0.25,15 seconds,Archer3,3,"3862 = ['3', '8', '6', '2'] = 4/4",1,20,20 seconds,Boomerang4,4,"0623 = ['0', '6', '2', '3'] = 4/4",1,40,40 seconds,Boxing4,4,"6904 = ['6', '9', '0', '4'] = 4/4",1,25,25 seconds,Bus5,5,"4817 = ['4', '8', '1', '7'] = 4/4",1,600,10 minutes,Dog5,5,"9325 = ['9', '8', '3', '2'] = 1/4",0.25,45,45 seconds,Sailor3,3,"7234 = ['7', '2', '3', '4'] = 4/4",1,/,1 hour,0.875,"Two men were in a  boxing ring, one of the men punched the other and won the fight",4,there was a man with a whistle playing a sport. he was listening to music checking the time when the boomerang which was thrown in the first pannel hit his head,4,"there was a man looking at a map on a boat trying to see how long it would take him to get to where he wanted, in the end he got there",3,"there was a man waiting at the bus stop, he checked his watch several times and then when the bus arrived he got on",4,"there was a man who threw a ball for his dog, the dog ran for the ball and returned it",4,/,/,stripes,7,a beard and mustache,listen to music,one,8,612
/,Consent Given,ID_Removed,23,Male,VLFI Score,2.25,VPT Control,20/04/2022 09:46,22,753,/,"[1, 2, 3, 4, 5, 6, 7, 8, 9, 11, '-'] = 10/11",0.909090909,/,/,/,"[1, 2, 3, 4, 5, 6, 7, 8, 9, 10, 11] = 11/11",1,/,/,/,/,"[1, 2, 3, 4, 5, 6, 7, 8, 9, 10, 11] = 11/11",1,/,/,/,/,"[1, 2, 3, 4, 5, 6, 7, 8, 9, 10, 11] = 11/11",1,/,/,/,/,"[1, 2, 3, 4, 5, 6, 7, 8, 9, 10, 11] = 11/11",1,/,/,/,/,"[2, 3, 4, 5, 6, 7, 8, 9, 10, 11, 22] = 10/11",0.909090909,/,/,/,/,"[1, 2, 3, 5, 6, 7, 8, 9, 11, 15, 21] = 9/11",0.818181818,/,/,0.954545455,/,/,/,/,/,/,/,/,/,/,/,/,/,/,/,/,/,/,181
/,Consent Given,ID_Removed,23,Male,VLFI Score,2.25,Corsi Control,20/04/2022 10:03,7,833,/,"['1', '2', '5', '4', '3', '6', '7'] = 5/7",0.714285714,/,/,/,"['1', '2', '3', '4', '5', '6', '7'] = 7/7",1,/,/,/,/,"['1', '2', '4', '3', '5', '6', '7'] = 5/7",0.714285714,/,/,/,/,"['1', '2', '3', '4', '5', '6', '7'] = 7/7",1,/,/,/,/,"['1', '4', '2', '3', '5', '6', '7'] = 4/7",0.571428571,/,/,/,/,"['1', '2', '3', '4', '5', '6', '7'] = 7/7",1,/,/,/,/,"['1', '2', '3', '4', '5', '6', '7'] = 7/7",1,/,/,0.880952381,/,/,/,/,/,/,/,/,/,/,/,/,/,/,/,/,/,/,240
/,Consent Given,ID_Removed,25,Male,VLFI Score,5,Digit Control,20/04/2022 10:43,7,665,/,"6927581 = ['6', '7', '2', '5', '9', '8', '1'] = 4/7",0.571428571,/,/,/,"5624017 = ['5', '2', '4', '6', '0', '1', '7'] = 4/7",0.571428571,/,/,/,/,"3826975 = ['3', '2', '4', '8', '9', '7', '5'] = 4/7",0.571428571,/,/,/,/,"3854016 = ['3', '8', '5', '4', '0', '1', '6'] = 7/7",1,/,/,/,/,"3427106 = ['3', '4', '2', '7', '1', '0', '6'] = 7/7",1,/,/,/,/,"8736019 = ['8', '7', '3', '6', '0', '1', '9'] = 7/7",1,/,/,/,/,"2045968 = ['2', '7', '3', '6', '9', '0', '8'] = 3/7",0.428571429,/,/,0.761904762,/,/,/,/,/,/,/,/,/,/,/,/,/,/,/,/,/,/,226
/,Consent Given,ID_Removed,19,Male,VLFI Score,5.25,Digit Control,20/04/2022 11:03,6,613,/,"975082 = ['9', '7', '5', '0', '2', ' '] = 4/6",0.666666667,/,/,/,"907145 = ['9', '0', '7', '1', '4', '5'] = 6/6",1,/,/,/,/,"526417 = ['5', '2', '6', '4', '1', '7'] = 6/6",1,/,/,/,/,"645981 = ['4', '5', '9', '8', '1', ' '] = 0/6",0,/,/,/,/,"974236 = ['9', '7', '4', '2', '3', '6'] = 6/6",1,/,/,/,/,"193826 = ['1', '9', '3', '2', '8', '6'] = 4/6",0.666666667,/,/,/,/,"432879 = ['4', '3', '2', '8', '7', '9'] = 6/6",1,/,/,0.777777778,/,/,/,/,/,/,/,/,/,/,/,/,/,/,/,/,/,/,215
/,Consent Given,ID_Removed,19,Male,VLFI Score,5.25,VPT Control,20/04/2022 11:18,16,672,/,"[1, 3, 5, 6, 7, 8, 9, '-'] = 6/8",0.75,/,/,/,"[1, 3, 4, 5, 6, 7, 8, 9] = 7/8",0.875,/,/,/,/,"[1, 2, 3, 4, 5, 6, 9, 10] = 6/8",0.75,/,/,/,/,"[1, 2, 3, 5, 6, 7, 8, 9] = 7/8",0.875,/,/,/,/,"[1, 2, 3, 4, 5, 6, 7, 8] = 8/8",1,/,/,/,/,"[1, 2, 3, 4, 5, 6, 7, 8] = 8/8",1,/,/,/,/,"[1, 2, 3, 4, 5, 6, 7, 8] = 8/8",1,/,/,0.916666667,/,/,/,/,/,/,/,/,/,/,/,/,/,/,/,/,/,/,196
/,Consent Given,ID_Removed,19,Female,VLFI Score,7.125,Corsi Control,20/04/2022 11:39,4,443,/,"['1', '2', '3', '4'] = 4/4",1,/,/,/,"['1', '2', '3', '4'] = 4/4",1,/,/,/,/,"['1', '2', '4', '3'] = 2/4",0.5,/,/,/,/,"['1', '2', '3', '4'] = 4/4",1,/,/,/,/,"['1', '2', '3', '4'] = 4/4",1,/,/,/,/,"['1', '2', '3', '4'] = 4/4",1,/,/,/,/,"['1', '2', '3', '4'] = 4/4",1,/,/,0.916666667,/,/,/,/,/,/,/,/,/,/,/,/,/,/,/,/,/,/,192
/,Consent Given,ID_Removed,19,Female,VLFI Score,3.125,Digit Control,20/04/2022 12:05,6,563,/,"321657 = ['3', '2', '1', '6', '5', '7'] = 6/6",1,/,/,/,"314052 = ['3', '1', '4', '0', '5', '2'] = 6/6",1,/,/,/,/,"421657 = ['4', '2', '1', '6', '5', '7'] = 6/6",1,/,/,/,/,"738021 = ['7', '3', '8', '0', '2', '1'] = 6/6",1,/,/,/,/,"862057 = ['8', '6', '0', '2', '5', '7'] = 4/6",0.666666667,/,/,/,/,"701346 = ['7', '0', '1', '3', '4', '6'] = 6/6",1,/,/,/,/,"591642 = ['5', '9', '1', '6', '4', '2'] = 6/6",1,/,/,0.944444445,/,/,/,/,/,/,/,/,/,/,/,/,/,/,/,/,/,/,223
/,Consent Given,ID_Removed,19,Female,VLFI Score,3.125,Corsi Control,20/04/2022 12:19,5,428,/,"['1', '2', '4', '5', '3'] = 2/5",0.4,/,/,/,"['1', '2', '3', '5', '4'] = 3/5",0.6,/,/,/,/,"['1', '2', '3', '4', '5'] = 5/5",1,/,/,/,/,"['1', '2', '3', '5', '4'] = 3/5",0.6,/,/,/,/,"['1', '2', '3', '4', '5'] = 5/5",1,/,/,/,/,"['4', '2', '5', '3', '1'] = 1/5",0.2,/,/,/,/,"['1', '2', '5', '3', '4'] = 2/5",0.4,/,/,0.633333333,/,/,/,/,/,/,/,/,/,/,/,/,/,/,/,/,/,/,197
/,Consent Given,ID_Removed,20,Male,VLFI Score,2,VPT Control,20/04/2022 12:38,22,938,/,"[1, 2, 3, 4, 5, 6, 7, 8, 9, 10, 11] = 11/11",1,/,/,/,"[4, 6, 7, 8, 9, 10, 11, 12, 14, 18, '-'] = 7/11",0.636363636,/,/,/,/,"[2, 3, 4, 5, 6, 8, 9, 10, 11, 12, 14] = 9/11",0.818181818,/,/,/,/,"[3, 4, 5, 6, 7, 8, 9, 11, 12, 14, 15] = 8/11",0.727272727,/,/,/,/,"[2, 4, 5, 6, 7, 8, 9, 10, 11, 14, 15] = 9/11",0.818181818,/,/,/,/,"[1, 2, 3, 4, 5, 7, 8, 9, 10, 11, 14] = 10/11",0.909090909,/,/,/,/,"[1, 3, 4, 5, 6, 7, 8, 9, 10, 11, 12] = 10/11",0.909090909,/,/,0.803030303,/,/,/,/,/,/,/,/,/,/,/,/,/,/,/,/,/,/,254
/,Consent Given,ID_Removed,20,Male,VLFI Score,2,Digit Control,20/04/2022 12:59,6,643,/,"197680 = ['1', '9', '7', '6', '8', '0'] = 6/6",1,/,/,/,"361024 = ['3', '6', '1', '0', '2', '4'] = 6/6",1,/,/,/,/,"230567 = ['2', '3', '0', '5', '6', '7'] = 6/6",1,/,/,/,/,"863275 = ['8', '6', '3', '2', '4', '7'] = 4/6",0.666666667,/,/,/,/,"154270 = ['1', '5', '4', '2', '7', '0'] = 6/6",1,/,/,/,/,"605931 = ['6', '0', '5', '9', '3', '1'] = 6/6",1,/,/,/,/,"185706 = ['1', '8', '5', '7', '0', '6'] = 6/6",1,/,/,0.944444445,/,/,/,/,/,/,/,/,/,/,/,/,/,/,/,/,/,/,227
/,Consent Given,ID_Removed,18,Male,VLFI Score,4.25,Corsi Control,20/04/2022 13:33,6,726,/,"['2', '1', '3', '4', '5', '6'] = 4/6",0.666666667,/,/,/,"['1', '2', '3', '4', '5', '6'] = 6/6",1,/,/,/,/,"['1', '2', '3', '4', '5', '6'] = 6/6",1,/,/,/,/,"['1', '3', '2', '4', '5', '6'] = 4/6",0.666666667,/,/,/,/,"['1', '3', '2', '4', '5', '6'] = 4/6",0.666666667,/,/,/,/,"['1', '2', '3', '4', '5', '6'] = 6/6",1,/,/,/,/,"['2', '3', '1', '6', '5', '4'] = 1/6",0.166666667,/,/,0.75,/,/,/,/,/,/,/,/,/,/,/,/,/,/,/,/,/,/,213
/,Consent Given,ID_Removed,18,Female,VLFI Score,6,Corsi Control,20/04/2022 13:56,5,549,/,"['1', '2', '3', '4', '5'] = 5/5",1,/,/,/,"['1', '2', '3', '4', '5'] = 5/5",1,/,/,/,/,"['1', '2', '3', '4', '5'] = 5/5",1,/,/,/,/,"['1', '3', '2', '4', '5'] = 3/5",0.6,/,/,/,/,"['1', '2', '3', '4', '5'] = 5/5",1,/,/,/,/,"['1', '2', '3', '4', '5'] = 5/5",1,/,/,/,/,"['1', '2', '3', '4', '5'] = 5/5",1,/,/,0.933333333,/,/,/,/,/,/,/,/,/,/,/,/,/,/,/,/,/,/,198
/,Consent Given,ID_Removed,18,Female,VLFI Score,6,Digit Control,20/04/2022 14:09,4,434,/,"3709 = ['3', '7', '0', '9'] = 4/4",1,/,/,/,"4760 = ['7', '6', '0', ' '] = 0/4",0,/,/,/,/,"3745 = ['3', '7', '4', '5'] = 4/4",1,/,/,/,/,"7841 = ['7', '8', '4', '1'] = 4/4",1,/,/,/,/,"2354 = ['2', '8', '5', '4'] = 3/4",0.75,/,/,/,/,"5401 = ['5', '4', '0', '1'] = 4/4",1,/,/,/,/,"3168 = ['3', '1', '6', '8'] = 4/4",1,/,/,0.791666667,/,/,/,/,/,/,/,/,/,/,/,/,/,/,/,/,/,/,163
/,Consent Given,ID_Removed,19,Female,VLFI Score,12,Digit Control,20/04/2022 15:04,8,1004,/,"08625917 = ['0', '6', '5', '8', '2', '1', '7', ' '] = 1/8",0.125,/,/,/,"53684902 = ['5', '3', '6', '8', '4', '9', '0', '2'] = 8/8",1,/,/,/,/,"76239850 = ['7', '6', '5', '3', '2', '9', '8', '0'] = 4/8",0.5,/,/,/,/,"43615972 = ['4', '3', '6', '5', '2', '9', '8', '7'] = 4/8",0.5,/,/,/,/,"54082769 = ['5', '4', '0', '8', '2', '9', '7', '6'] = 5/8",0.625,/,/,/,/,"31750628 = ['3', '1', '7', '5', '0', '6', '2', '8'] = 8/8",1,/,/,/,/,"48916352 = ['4', '8', '9', '1', '6', '3', '5', '2'] = 8/8",1,/,/,0.770833333,/,/,/,/,/,/,/,/,/,/,/,/,/,/,/,/,/,/,277
/,Consent Given,ID_Removed,19,Female,VLFI Score,3.75,Corsi Control,20/04/2022 15:43,6,668,/,"['1', '2', '3', '4', '6', '5'] = 4/6",0.666666667,/,/,/,"['1', '2', '3', '4', '5', '6'] = 6/6",1,/,/,/,/,"['1', '2', '3', '4', '5', '6'] = 6/6",1,/,/,/,/,"['1', '2', '6', '5', '3', '4'] = 2/6",0.333333333,/,/,/,/,"['1', '2', '3', '4', '5', '6'] = 6/6",1,/,/,/,/,"['1', '2', '3', '4', '5', '6'] = 6/6",1,/,/,/,/,"['3', '2', '1', '4', '5', '6'] = 4/6",0.666666667,/,/,0.833333333,/,/,/,/,/,/,/,/,/,/,/,/,/,/,/,/,/,/,235
/,Consent Given,ID_Removed,19,Female,VLFI Score,3.75,VPT Control,20/04/2022 15:59,16,560,/,"[1, 2, 3, 4, 5, 6, 7, 8] = 8/8",1,/,/,/,"[1, 2, 3, 4, 5, 6, 7, 8] = 8/8",1,/,/,/,/,"[1, 2, 3, 4, 5, 6, 7, 8] = 8/8",1,/,/,/,/,"[1, 2, 3, 4, 5, 6, 7, 8] = 8/8",1,/,/,/,/,"[1, 2, 3, 4, 5, 6, 7, 8] = 8/8",1,/,/,/,/,"[1, 2, 3, 4, 5, 6, 7, 8] = 8/8",1,/,/,/,/,"[1, 2, 3, 4, 5, 6, 7, 8] = 8/8",1,/,/,1,/,/,/,/,/,/,/,/,/,/,/,/,/,/,/,/,/,/,167
/,Consent Given,ID_Removed,19,Female,VLFI Score,11.625,Digit Control,21/04/2022 10:33,5,511,/,"15347 = ['1', '5', '4', '3', '7'] = 3/5",0.6,/,/,/,"19385 = ['1', '9', '3', '8', '5'] = 5/5",1,/,/,/,/,"20439 = ['2', '0', '4', '3', '9'] = 5/5",1,/,/,/,/,"82461 = ['8', '4', '2', '6', '1'] = 3/5",0.6,/,/,/,/,"81069 = ['8', '1', '0', '6', '9'] = 5/5",1,/,/,/,/,"29356 = ['2', '9', '3', '5', '6'] = 5/5",1,/,/,/,/,"49806 = ['4', '9', '8', '0', '6'] = 5/5",1,/,/,0.933333333,/,/,/,/,/,/,/,/,/,/,/,/,/,/,/,/,/,/,209
/,Consent Given,ID_Removed,19,Female,VLFI Score,11.625,Corsi Control,21/04/2022 10:46,4,373,/,"['1', '2', '3', '4'] = 4/4",1,/,/,/,"['1', '2', '3', '4'] = 4/4",1,/,/,/,/,"['1', '2', '3', '4'] = 4/4",1,/,/,/,/,"['1', '2', '3', '4'] = 4/4",1,/,/,/,/,"['1', '2', '3', '4'] = 4/4",1,/,/,/,/,"['1', '4', '3', '2'] = 2/4",0.5,/,/,/,/,"['1', '2', '3', '4'] = 4/4",1,/,/,0.916666667,/,/,/,/,/,/,/,/,/,/,/,/,/,/,/,/,/,/,168
/,Consent Given,ID_Removed,19,Female,VLFI Score,7.75,VPT Control,21/04/2022 11:16,8,284,/,"[1, 2, 3, 4] = 4/4",1,/,/,/,"[1, 2, 3, 4] = 4/4",1,/,/,/,/,"[1, 2, 3, 4] = 4/4",1,/,/,/,/,"[1, 2, 3, 4] = 4/4",1,/,/,/,/,"[1, 2, 3, 4] = 4/4",1,/,/,/,/,"[1, 2, 3, 4] = 4/4",1,/,/,/,/,"[2, 3, 4, 5] = 3/4",0.75,/,/,0.958333333,/,/,/,/,/,/,/,/,/,/,/,/,/,/,/,/,/,/,139
/,Consent Given,ID_Removed,20,Female,VLFI Score,2.125,VPT Control,21/04/2022 11:39,16,452,/,"[1, 2, 4, 5, 6, 7, 8, '-'] = 7/8",0.875,/,/,/,"[1, 2, 3, 4, 5, 6, 7, 11] = 7/8",0.875,/,/,/,/,"[1, 2, 3, 4, 5, 8, 10, 11] = 6/8",0.75,/,/,/,/,"[1, 2, 3, 4, 5, 6, 7, 8] = 8/8",1,/,/,/,/,"[1, 2, 3, 4, 5, 6, 7, 8] = 8/8",1,/,/,/,/,"[2, 3, 4, 5, 6, 7, 8, 10] = 7/8",0.875,/,/,/,/,"[1, 2, 3, 4, 5, 6, 7, 8] = 8/8",1,/,/,0.916666667,/,/,/,/,/,/,/,/,/,/,/,/,/,/,/,/,/,/,180
/,Consent Given,ID_Removed,20,Female,VLFI Score,2.125,Corsi Control,21/04/2022 11:50,6,492,/,"['1', '2', '3', '4', '5', '6'] = 6/6",1,/,/,/,"['1', '2', '3', '4', '6', '5'] = 4/6",0.666666667,/,/,/,/,"['1', '2', '4', '3', '6', '5'] = 2/6",0.333333333,/,/,/,/,"['1', '2', '3', '4', '5', '6'] = 6/6",1,/,/,/,/,"['1', '2', '3', '4', '5', '6'] = 6/6",1,/,/,/,/,"['1', '2', '3', '4', '5', '6'] = 6/6",1,/,/,/,/,"['1', '2', '3', '4', '6', '5'] = 4/6",0.666666667,/,/,0.777777778,/,/,/,/,/,/,/,/,/,/,/,/,/,/,/,/,/,/,213
/,Consent Given,ID_Removed,20,Male,VLFI Score,2.125,Corsi Control,21/04/2022 12:08,6,574,/,"['1', '2', '3', '4', '5', '6'] = 6/6",1,/,/,/,"['2', '3', '1', '4', '5', '6'] = 3/6",0.5,/,/,/,/,"['1', '2', '3', '4', '5', '6'] = 6/6",1,/,/,/,/,"['1', '2', '3', '4', '5', '6'] = 6/6",1,/,/,/,/,"['1', '2', '3', '4', '5', '6'] = 6/6",1,/,/,/,/,"['1', '2', '3', '4', '5', '6'] = 6/6",1,/,/,/,/,"['1', '2', '3', '4', '5', '6'] = 6/6",1,/,/,0.916666667,/,/,/,/,/,/,/,/,/,/,/,/,/,/,/,/,/,/,205
/,Consent Given,ID_Removed,20,Male,VLFI Score,2.125,Digit Control,21/04/2022 12:22,6,438,/,"369041 = ['3', '6', '9', '0', '4', '1'] = 6/6",1,/,/,/,"082697 = ['0', '8', '2', '6', '9', '7'] = 6/6",1,/,/,/,/,"038157 = ['0', '8', '3', '1', '5', '7'] = 4/6",0.666666667,/,/,/,/,"657298 = ['0', '6', '5', '7', '2', '9'] = 0/6",0,/,/,/,/,"071356 = ['0', '7', '1', '3', '5', '6'] = 6/6",1,/,/,/,/,"780591 = ['7', '8', '0', '5', '9', '1'] = 6/6",1,/,/,/,/,"129305 = ['1', '2', '9', '3', '0', '5'] = 6/6",1,/,/,0.777777778,/,/,/,/,/,/,/,/,/,/,/,/,/,/,/,/,/,/,204
/,Consent Given,ID_Removed,21,Female,VLFI Score,2.25,VPT Control,21/04/2022 12:56,12,406,/,"[1, 2, 3, 4, 5, 6] = 6/6",1,/,/,/,"[1, 2, 3, 4, 5, 6] = 6/6",1,/,/,/,/,"[1, 2, 3, 4, 5, 6] = 6/6",1,/,/,/,/,"[1, 2, 3, 4, 5, 6] = 6/6",1,/,/,/,/,"[1, 2, 3, 4, 5, 6] = 6/6",1,/,/,/,/,"[1, 2, 3, 4, 5, 6] = 6/6",1,/,/,/,/,"[1, 2, 3, 4, 5, 6] = 6/6",1,/,/,1,/,/,/,/,/,/,/,/,/,/,/,/,/,/,/,/,/,/,132
/,Consent Given,ID_Removed,18,Female,VLFI Score,2,Corsi Control,21/04/2022 13:11,6,489,/,"['1', '2', '3', '4', '5', '6'] = 6/6",1,/,/,/,"['2', '1', '3', '5', '6', '4'] = 1/6",0.166666667,/,/,/,/,"['1', '3', '4', '2', '5', '6'] = 3/6",0.5,/,/,/,/,"['1', '2', '3', '4', '5', '6'] = 6/6",1,/,/,/,/,"['1', '2', '3', '4', '5', '6'] = 6/6",1,/,/,/,/,"['1', '3', '2', '5', '6', '4'] = 1/6",0.166666667,/,/,/,/,"['1', '2', '3', '4', '5', '6'] = 6/6",1,/,/,0.638888889,/,/,/,/,/,/,/,/,/,/,/,/,/,/,/,/,/,/,194
/,Consent Given,ID_Removed,18,Female,VLFI Score,2,VPT Control,21/04/2022 13:23,18,503,/,"[1, 2, 3, 4, 5, 6, 7, 8, 9] = 9/9",1,/,/,/,"[1, 2, 3, 4, 5, 6, 7, 8, 9] = 9/9",1,/,/,/,/,"[1, 2, 3, 4, 5, 6, 7, 8, '-'] = 8/9",0.888888889,/,/,/,/,"[1, 2, 3, 4, 5, 6, 7, 8, 9] = 9/9",1,/,/,/,/,"[1, 2, 3, 4, 5, 6, 7, 8, 9] = 9/9",1,/,/,/,/,"[2, 3, 4, 5, 6, 7, 8, 9, 14] = 8/9",0.888888889,/,/,/,/,"[1, 2, 3, 4, 5, 6, 7, 8, 9] = 9/9",1,/,/,0.962962963,/,/,/,/,/,/,/,/,/,/,/,/,/,/,/,/,/,/,148
/,Consent Given,ID_Removed,18,Female,VLFI Score,6,Digit Control,21/04/2022 14:06,7,667,/,"5783204 = ['5', '7', '8', '3', '2', '0', '4'] = 7/7",1,/,/,/,"6347180 = ['6', '3', '4', '7', '6', '8', '0'] = 6/7",0.857142857,/,/,/,/,"5426897 = ['5', '4', '2', '6', '8', '9', '7'] = 7/7",1,/,/,/,/,"0476193 = ['0', '4', '7', '6', '1', '9', '3'] = 7/7",1,/,/,/,/,"7890231 = ['7', '8', '9', '0', '2', '3', '1'] = 7/7",1,/,/,/,/,"0397258 = ['0', '3', '9', '7', '2', '5', '8'] = 7/7",1,/,/,/,/,"9570214 = ['9', '5', '7', '0', '2', '1', '4'] = 7/7",1,/,/,0.976190476,/,/,/,/,/,/,/,/,/,/,/,/,/,/,/,/,/,/,222
/,Consent Given,ID_Removed,18,Female,VLFI Score,6,Corsi Control,21/04/2022 14:21,5,404,/,"['1', '2', '3', '4', '5'] = 5/5",1,/,/,/,"['1', '2', '3', '4', '5'] = 5/5",1,/,/,/,/,"['1', '3', '2', '4', '5'] = 3/5",0.6,/,/,/,/,"['1', '2', '3', '4', '5'] = 5/5",1,/,/,/,/,"['2', '1', '3', '4', '5'] = 3/5",0.6,/,/,/,/,"['1', '2', '3', '4', '5'] = 5/5",1,/,/,/,/,"['1', '2', '3', '4', '5'] = 5/5",1,/,/,0.866666667,/,/,/,/,/,/,/,/,/,/,/,/,/,/,/,/,/,/,184
/,Consent Given,ID_Removed,19,Male,VLFI Score,3.5,VPT Control,21/04/2022 14:41,16,444,/,"[1, 2, 3, 4, 5, 6, 7, 8] = 8/8",1,/,/,/,"[4, 5, 6, 10, 11, 12, 15, '-'] = 3/8",0.375,/,/,/,/,"[2, 3, 5, 6, 7, 9, 10, 11] = 5/8",0.625,/,/,/,/,"[1, 2, 3, 4, 5, 6, 7, 8] = 8/8",1,/,/,/,/,"[1, 2, 3, 4, 5, 6, 7, 8] = 8/8",1,/,/,/,/,"[1, 2, 3, 4, 5, 6, 7, 8] = 8/8",1,/,/,/,/,"[1, 2, 3, 4, 5, 6, 7, 8] = 8/8",1,/,/,0.833333333,/,/,/,/,/,/,/,/,/,/,/,/,/,/,/,/,/,/,159
/,Consent Given,ID_Removed,24,Female,VLFI Score,3.375,Corsi Control,22/04/2022 11:38,5,412,/,"['1', '2', '3', '4', '5'] = 5/5",1,/,/,/,"['1', '2', '3', '4', '5'] = 5/5",1,/,/,/,/,"['1', '2', '3', '4', '5'] = 5/5",1,/,/,/,/,"['1', '2', '3', '4', '5'] = 5/5",1,/,/,/,/,"['1', '2', '3', '4', '5'] = 5/5",1,/,/,/,/,"['1', '2', '3', '4', '5'] = 5/5",1,/,/,/,/,"['1', '2', '3', '4', '5'] = 5/5",1,/,/,1,/,/,/,/,/,/,/,/,/,/,/,/,/,/,/,/,/,/,182
/,Consent Given,ID_Removed,24,Female,VLFI Score,3.375,Digit Control,22/04/2022 11:49,6,399,/,"649873 = ['6', '4', '9', '8', '7', '3'] = 6/6",1,/,/,/,"816793 = ['8', '1', '6', '7', '9', '3'] = 6/6",1,/,/,/,/,"571263 = ['5', '7', '1', '2', '6', '3'] = 6/6",1,/,/,/,/,"249301 = ['2', '4', '9', '3', '0', '1'] = 6/6",1,/,/,/,/,"213649 = ['1', '4', '6', '0', '9', '3'] = 0/6",0,/,/,/,/,"451729 = ['4', '5', '1', '7', '9', '2'] = 4/6",0.666666667,/,/,/,/,"478560 = ['4', '7', '8', '5', '6', '0'] = 6/6",1,/,/,0.777777778,/,/,/,/,/,/,/,/,/,/,/,/,/,/,/,/,/,/,203
/,Consent Given,ID_Removed,19,Female,VLFI Score,2.75,VPT Control,22/04/2022 14:50,12,436,/,"[1, 2, 3, 4, 5, 6] = 6/6",1,/,/,/,"[1, 3, 4, 5, 6, 11] = 5/6",0.833333333,/,/,/,/,"[1, 2, 3, 4, 5, 6] = 6/6",1,/,/,/,/,"[1, 2, 3, 4, 5, 6] = 6/6",1,/,/,/,/,"[1, 2, 3, 4, 5, 6] = 6/6",1,/,/,/,/,"[2, 3, 4, 5, 6, 8] = 5/6",0.833333333,/,/,/,/,"[1, 2, 3, 4, 5, 6] = 6/6",1,/,/,0.944444444,/,/,/,/,/,/,/,/,/,/,/,/,/,/,/,/,/,/,141
/,Consent Given,ID_Removed,19,Trans-Man,VLFI Score,30.5,Corsi Control,22/04/2022 15:06,6,729,/,"['1', '2', '3', '4', '5', '6'] = 6/6",1,/,/,/,"['1', '2', '3', '4', '5', '6'] = 6/6",1,/,/,/,/,"['1', '2', '3', '4', '5', '6'] = 6/6",1,/,/,/,/,"['1', '3', '2', '4', '5', '6'] = 4/6",0.666666667,/,/,/,/,"['1', '2', '3', '4', '5', '6'] = 6/6",1,/,/,/,/,"['1', '2', '3', '4', '5', '6'] = 6/6",1,/,/,/,/,"['1', '2', '3', '4', '5', '6'] = 6/6",1,/,/,0.944444445,/,/,/,/,/,/,/,/,/,/,/,/,/,/,/,/,/,/,199
/,Consent Given,ID_Removed,19,Trans-Man,VLFI Score,30.5,VPT Control,22/04/2022 15:22,18,569,/,"[1, 2, 3, 4, 5, 6, 7, 8, 9] = 9/9",1,/,/,/,"[1, 2, 3, 4, 5, 6, 7, 8, 9] = 9/9",1,/,/,/,/,"[1, 2, 3, 4, 5, 6, 7, 8, 9] = 9/9",1,/,/,/,/,"[1, 2, 3, 5, 6, 7, 8, 9, '-'] = 8/9",0.888888889,/,/,/,/,"[1, 2, 3, 4, 5, 6, 7, 8, 9] = 9/9",1,/,/,/,/,"[1, 2, 3, 4, 5, 6, 7, 8, 9] = 9/9",1,/,/,/,/,"[1, 2, 3, 4, 5, 6, 7, 8, 9] = 9/9",1,/,/,0.981481482,/,/,/,/,/,/,/,/,/,/,/,/,/,/,/,/,/,/,157
/,Consent Given,ID_Removed,21,Female,VLFI Score,18.75,Digit Control,22/04/2022 16:33,5,374,/,"94307 = ['9', '4', '3', '0', '7'] = 5/5",1,/,/,/,"97580 = ['9', '7', '5', '8', '0'] = 5/5",1,/,/,/,/,"28167 = ['2', '8', '1', '6', '7'] = 5/5",1,/,/,/,/,"93842 = ['9', '3', '8', '4', '2'] = 5/5",1,/,/,/,/,"09251 = ['0', '9', '2', '5', '2'] = 4/5",0.8,/,/,/,/,"65231 = ['6', '5', '2', '3', '1'] = 5/5",1,/,/,/,/,"89654 = ['8', '9', '2', '6', '5'] = 2/5",0.4,/,/,0.866666667,/,/,/,/,/,/,/,/,/,/,/,/,/,/,/,/,/,/,197
/,Consent Given,ID_Removed,21,Female,VLFI Score,18.75,Corsi Control,22/04/2022 16:43,5,361,/,"['1', '2', '4', '3', '5'] = 3/5",0.6,/,/,/,"['1', '2', '3', '4', '5'] = 5/5",1,/,/,/,/,"['1', '3', '2', '5', '4'] = 1/5",0.2,/,/,/,/,"['1', '2', '3', '5', '4'] = 3/5",0.6,/,/,/,/,"['1', '2', '3', '4', '5'] = 5/5",1,/,/,/,/,"['1', '2', '3', '4', '5'] = 5/5",1,/,/,/,/,"['1', '2', '3', '4', '5'] = 5/5",1,/,/,0.8,/,/,/,/,/,/,/,/,/,/,/,/,/,/,/,/,/,/,187
/,Consent Given,ID_Removed,21,Male,VLFI Score,3.875,VPT Control,06/05/2022 09:09,14,435,/,"[1, 2, 3, 4, 5, 6, 7] = 7/7",1,/,/,/,"[1, 2, 3, 4, 5, 6, 7] = 7/7",1,/,/,/,/,"[1, 2, 3, 4, 5, 6, 7] = 7/7",1,/,/,/,/,"[1, 2, 3, 4, 5, 6, 7] = 7/7",1,/,/,/,/,"[1, 3, 4, 5, 6, 7, '-'] = 6/7",0.857142857,/,/,/,/,"[1, 3, 4, 5, 6, 7, '-'] = 6/7",0.857142857,/,/,/,/,"[1, 2, 3, 4, 5, 6, 7] = 7/7",1,/,/,0.952380952,/,/,/,/,/,/,/,/,/,/,/,/,/,/,/,/,/,/,171
/,Consent Given,ID_Removed,21,Male,VLFI Score,3.875,Digit Control,06/05/2022 09:20,6,466,/,"285497 = ['2', '8', '5', '4', '9', '7'] = 6/6",1,/,/,/,"497620 = ['4', '9', '7', '4', '6', '0'] = 4/6",0.666666667,/,/,/,/,"478906 = ['4', '7', '8', '9', '6', '0'] = 4/6",0.666666667,/,/,/,/,"067421 = ['0', '6', '7', '4', '2', '1'] = 6/6",1,/,/,/,/,"643590 = ['6', '4', '3', '5', '9', '0'] = 6/6",1,/,/,/,/,"314895 = ['3', '1', '4', '8', '9', '5'] = 6/6",1,/,/,/,/,"932508 = ['9', '3', '2', '5', '0', '8'] = 6/6",1,/,/,0.888888889,/,/,/,/,/,/,/,/,/,/,/,/,/,/,/,/,/,/,205
/,Consent Given,ID_Removed,19,Female,VLFI Score,4.75,Corsi Control,06/05/2022 11:18,5,400,/,"['1', '2', '3', '4', '5'] = 5/5",1,/,/,/,"['1', '2', '3', '4', '5'] = 5/5",1,/,/,/,/,"['1', '2', '5', '3', '4'] = 2/5",0.4,/,/,/,/,"['1', '2', '3', '4', '5'] = 5/5",1,/,/,/,/,"['1', '2', '3', '4', '5'] = 5/5",1,/,/,/,/,"['2', '1', '3', '4', '5'] = 3/5",0.6,/,/,/,/,"['1', '2', '3', '4', '5'] = 5/5",1,/,/,0.833333333,/,/,/,/,/,/,/,/,/,/,/,/,/,/,/,/,/,/,186
/,Consent Given,ID_Removed,19,Female,VLFI Score,7.375,Digit Control,06/05/2022 13:14,7,657,/,"1472965 = ['1', '4', '7', '2', '9', '6', '5'] = 7/7",1,/,/,/,"3187264 = ['3', '1', '8', '7', '2', '6', '4'] = 7/7",1,/,/,/,/,"7863051 = ['7', '8', '3', '0', '5', '1', ' '] = 2/7",0.285714286,/,/,/,/,"5467312 = ['5', '4', '6', '7', '3', '1', '2'] = 7/7",1,/,/,/,/,"5869721 = ['5', '8', '6', '9', '7', '2', '1'] = 7/7",1,/,/,/,/,"0127365 = ['0', '1', '2', '7', '3', '6', '5'] = 7/7",1,/,/,/,/,"4827510 = ['4', '8', '2', '7', '5', '1', '0'] = 7/7",1,/,/,0.880952381,/,/,/,/,/,/,/,/,/,/,/,/,/,/,/,/,/,/,212
/,Consent Given,ID_Removed,19,Female,VLFI Score,2.875,Digit Control,06/05/2022 13:58,5,427,/,"04982 = ['0', '4', '9', '8', '2'] = 5/5",1,/,/,/,"98302 = ['9', '8', '3', '0', '2'] = 5/5",1,/,/,/,/,"32048 = ['3', '2', '0', '4', '8'] = 5/5",1,/,/,/,/,"49051 = ['4', '9', '0', '5', '1'] = 5/5",1,/,/,/,/,"80495 = ['8', '0', '4', '9', '5'] = 5/5",1,/,/,/,/,"92467 = ['9', '2', '4', '6', '7'] = 5/5",1,/,/,/,/,"54092 = ['5', '4', '0', '9', '2'] = 5/5",1,/,/,1,/,/,/,/,/,/,/,/,/,/,/,/,/,/,/,/,/,/,208
/,Consent Given,ID_Removed,19,Female,VLFI Score,2.875,VPT Control,06/05/2022 14:10,14,530,/,"[1, 2, 3, 4, 5, 6, 7] = 7/7",1,/,/,/,"[1, 2, 3, 4, 5, 6, 7] = 7/7",1,/,/,/,/,"[1, 2, 3, 4, 5, 6, 7] = 7/7",1,/,/,/,/,"[1, 2, 3, 4, 5, 6, 7] = 7/7",1,/,/,/,/,"[1, 2, 3, 4, 5, 6, 7] = 7/7",1,/,/,/,/,"[1, 2, 3, 4, 5, 6, 7] = 7/7",1,/,/,/,/,"[1, 2, 3, 4, 5, 6, 7] = 7/7",1,/,/,1,/,/,/,/,/,/,/,/,/,/,/,/,/,/,/,/,/,/,165
/,Consent Given,ID_Removed,20,Female,VLFI Score,4.625,VPT Control,06/05/2022 15:15,14,416,/,"[1, 2, 3, 4, 5, 6, 7] = 7/7",1,/,/,/,"[1, 2, 3, 4, 5, 6, 7] = 7/7",1,/,/,/,/,"[1, 2, 3, 4, 5, 6, 7] = 7/7",1,/,/,/,/,"[1, 2, 3, 4, 5, 6, 7] = 7/7",1,/,/,/,/,"[1, 2, 3, 4, 5, 6, 7] = 7/7",1,/,/,/,/,"[1, 2, 3, 4, 5, 6, 7] = 7/7",1,/,/,/,/,"[1, 2, 3, 4, 5, 6, 7] = 7/7",1,/,/,1,/,/,/,/,/,/,/,/,/,/,/,/,/,/,/,/,/,/,147
/,Consent Given,ID_Removed,19,Female,VLFI Score,5,Digit Control,06/05/2022 16:05,6,566,/,"243970 = ['2', '4', '9', '7', '3', '0'] = 3/6",0.5,/,/,/,"986504 = ['9', '8', '6', '5', '0', '4'] = 6/6",1,/,/,/,/,"964071 = ['9', '8', '4', '7', '0', '1'] = 3/6",0.5,/,/,/,/,"147895 = ['1', '4', '7', '8', '9', '5'] = 6/6",1,/,/,/,/,"038679 = ['0', '3', '8', '7', '6', '9'] = 4/6",0.666666667,/,/,/,/,"251387 = ['2', '5', '1', '3', '8', '7'] = 6/6",1,/,/,/,/,"530617 = ['5', '3', '6', '0', '7', ' '] = 2/6",0.333333333,/,/,0.75,/,/,/,/,/,/,/,/,/,/,/,/,/,/,/,/,/,/,207
/,Consent Given,ID_Removed,23,Female,VLFI Score,13.875,VPT Control,11/05/2022 09:10,10,341,/,"[1, 2, 3, 4, 5] = 5/5",1,/,/,/,"[1, 2, 3, 4, 5] = 5/5",1,/,/,/,/,"[1, 2, 3, 4, 5] = 5/5",1,/,/,/,/,"[1, 3, 4, 5, 10] = 4/5",0.8,/,/,/,/,"[1, 2, 3, 4, 5] = 5/5",1,/,/,/,/,"[2, 5, 8, 9, 10] = 2/5",0.4,/,/,/,/,"[1, 2, 3, 4, 5] = 5/5",1,/,/,0.866666667,/,/,/,/,/,/,/,/,/,/,/,/,/,/,/,/,/,/,172
/,Consent Given,ID_Removed,19,Female,VLFI Score,7.875,Digit Control,11/05/2022 09:49,6,566,/,"429613 = ['4', '2', '9', '6', '1', '3'] = 6/6",1,/,/,/,"518726 = ['5', '1', '8', '7', '2', '6'] = 6/6",1,/,/,/,/,"186570 = ['1', '8', '6', '5', '7', '0'] = 6/6",1,/,/,/,/,"638901 = ['6', '3', '8', '9', '0', '1'] = 6/6",1,/,/,/,/,"973164 = ['9', '7', '3', '1', '6', '4'] = 6/6",1,/,/,/,/,"391768 = ['3', '9', '1', '7', '6', '8'] = 6/6",1,/,/,/,/,"689405 = ['6', '8', '9', '4', '0', '5'] = 6/6",1,/,/,1,/,/,/,/,/,/,/,/,/,/,/,/,/,/,/,/,/,/,197
/,Consent Given,ID_Removed,19,Female,VLFI Score,2.25,Digit Control,11/05/2022 10:10,4,324,/,"4317 = ['4', '3', '1', '7'] = 4/4",1,/,/,/,"7068 = ['7', '0', '6', '8'] = 4/4",1,/,/,/,/,"2791 = ['2', '7', '9', '1'] = 4/4",1,/,/,/,/,"4398 = ['7', '3', '9', '8'] = 3/4",0.75,/,/,/,/,"5286 = ['4', '2', '8', '6'] = 3/4",0.75,/,/,/,/,"4583 = ['4', '5', '8', '3'] = 4/4",1,/,/,/,/,"7965 = ['7', '9', '6', '5'] = 4/4",1,/,/,0.916666667,/,/,/,/,/,/,/,/,/,/,/,/,/,/,/,/,/,/,170
/,Consent Given,ID_Removed,19,Female,VLFI Score,2.25,VPT Control,11/05/2022 10:19,12,469,/,"[2, 3, 4, 6, 12, '-'] = 4/6",0.666666667,/,/,/,"[1, 2, 3, 4, 5, 6] = 6/6",1,/,/,/,/,"[2, 5, 6, 8, 12, '-'] = 3/6",0.5,/,/,/,/,"[1, 2, 3, 4, 5, 6] = 6/6",1,/,/,/,/,"[1, 2, 3, 4, 5, 6] = 6/6",1,/,/,/,/,"[1, 2, 3, 4, 6, 8] = 5/6",0.833333333,/,/,/,/,"[1, 2, 3, 4, 5, 6] = 6/6",1,/,/,0.888888889,/,/,/,/,/,/,/,/,/,/,/,/,/,/,/,/,/,/,163
/,Consent Given,ID_Removed,21,Female,VLFI Score,2.375,Corsi Control,11/05/2022 10:38,7,532,/,"['1', '2', '3', '4', '6', '7', '5'] = 4/7",0.571428571,/,/,/,"['1', '2', '3', '4', '5', '6', '7'] = 7/7",1,/,/,/,/,"['1', '2', '5', '7', '4', '3', '6'] = 2/7",0.285714286,/,/,/,/,"['2', '3', '1', '4', '5', '6', '7'] = 4/7",0.571428571,/,/,/,/,"['1', '2', '3', '4', '5', '7', '6'] = 5/7",0.714285714,/,/,/,/,"['1', '2', '3', '6', '5', '4', '7'] = 5/7",0.714285714,/,/,/,/,"['1', '2', '6', '4', '5', '3', '7'] = 5/7",0.714285714,/,/,0.666666667,/,/,/,/,/,/,/,/,/,/,/,/,/,/,/,/,/,/,227
/,Consent Given,ID_Removed,21,Female,VLFI Score,2.375,VPT Control,11/05/2022 10:51,12,368,/,"[1, 2, 3, 4, 5, 6] = 6/6",1,/,/,/,"[1, 2, 3, 4, 5, 6] = 6/6",1,/,/,/,/,"[1, 2, 3, 4, 5, 6] = 6/6",1,/,/,/,/,"[1, 2, 3, 4, 5, 6] = 6/6",1,/,/,/,/,"[1, 2, 3, 4, 6, 12] = 5/6",0.833333333,/,/,/,/,"[1, 2, 3, 4, 5, 6] = 6/6",1,/,/,/,/,"[1, 2, 4, 5, 6, 9] = 5/6",0.833333333,/,/,0.944444444,/,/,/,/,/,/,/,/,/,/,/,/,/,/,/,/,/,/,173
/,Consent Given,ID_Removed,19,Female,VLFI Score,1.875,Digit Control,11/05/2022 12:04,6,525,/,"602738 = ['6', '0', '2', '7', '3', '8'] = 6/6",1,/,/,/,"402753 = ['4', '0', '2', '7', '5', '3'] = 6/6",1,/,/,/,/,"263947 = ['2', '6', '3', '9', '4', '7'] = 6/6",1,/,/,/,/,"291876 = ['2', '9', '1', '8', '7', '6'] = 6/6",1,/,/,/,/,"589601 = ['2', '8', '9', '6', '0', '1'] = 5/6",0.833333333,/,/,/,/,"953642 = ['9', '5', '3', '6', '4', '2'] = 6/6",1,/,/,/,/,"158324 = ['1', '5', '8', '3', '2', '4'] = 6/6",1,/,/,0.972222222,/,/,/,/,/,/,/,/,/,/,/,/,/,/,/,/,/,/,205
/,Consent Given,ID_Removed,20,Female,VLFI Score,3.75,VPT Control,12/05/2022 16:01,16,508,/,"[1, 3, 4, 5, 6, 7, 8, '-'] = 7/8",0.875,/,/,/,"[1, 2, 3, 4, 5, 6, 7, 14] = 7/8",0.875,/,/,/,/,"[1, 2, 3, 4, 5, 6, 7, 8] = 8/8",1,/,/,/,/,"[1, 4, 6, 7, 8, 15, '-', '-'] = 5/8",0.625,/,/,/,/,"[2, 3, 4, 5, 6, 7, 8, 15] = 7/8",0.875,/,/,/,/,"[1, 3, 4, 7, 10, 12, 13, 15] = 4/8",0.5,/,/,/,/,"[1, 2, 3, 4, 5, 6, 7, 8] = 8/8",1,/,/,0.8125,/,/,/,/,/,/,/,/,/,/,/,/,/,/,/,/,/,/,165
/,Consent Given,ID_Removed,20,Female,VLFI Score,3.75,Corsi Control,12/05/2022 16:13,6,491,/,"['1', '2', '3', '4', '5', '6'] = 6/6",1,/,/,/,"['1', '2', '3', '5', '4', '6'] = 4/6",0.666666667,/,/,/,/,"['1', '2', '3', '4', '5', '6'] = 6/6",1,/,/,/,/,"['1', '2', '3', '4', '5', '6'] = 6/6",1,/,/,/,/,"['1', '2', '6', '5', '3', '4'] = 2/6",0.333333333,/,/,/,/,"['1', '2', '3', '4', '5', '6'] = 6/6",1,/,/,/,/,"['1', '2', '4', '3', '5', '6'] = 4/6",0.666666667,/,/,0.777777778,/,/,/,/,/,/,/,/,/,/,/,/,/,/,/,/,/,/,200
/,Consent Given,ID_Removed,21,Female,VLFI Score,2.875,Corsi Control,13/05/2022 09:13,5,404,/,"['1', '2', '3', '4', '5'] = 5/5",1,/,/,/,"['1', '2', '3', '4', '5'] = 5/5",1,/,/,/,/,"['1', '2', '3', '4', '5'] = 5/5",1,/,/,/,/,"['1', '2', '3', '4', '5'] = 5/5",1,/,/,/,/,"['1', '2', '3', '4', '5'] = 5/5",1,/,/,/,/,"['1', '2', '3', '4', '5'] = 5/5",1,/,/,/,/,"['2', '1', '3', '4', '5'] = 3/5",0.6,/,/,0.933333333,/,/,/,/,/,/,/,/,/,/,/,/,/,/,/,/,/,/,185
/,Consent Given,ID_Removed,19,Female,VLFI Score,8.25,Digit Control,13/05/2022 10:03,5,328,/,"46910 = ['4', '6', '9', '1', '0'] = 5/5",1,/,/,/,"94128 = ['9', '4', '1', '2', '8'] = 5/5",1,/,/,/,/,"32917 = ['3', '2', '9', '1', '8'] = 4/5",0.8,/,/,/,/,"75041 = ['7', '5', '0', '4', '1'] = 5/5",1,/,/,/,/,"92714 = ['9', '2', '7', '1', '4'] = 5/5",1,/,/,/,/,"36750 = ['3', '6', '7', '5', '0'] = 5/5",1,/,/,/,/,"45679 = ['4', '5', '6', '7', '9'] = 5/5",1,/,/,0.966666667,/,/,/,/,/,/,/,/,/,/,/,/,/,/,/,/,/,/,174
/,Consent Given,ID_Removed,19,Female,VLFI Score,8.25,VPT Control,13/05/2022 10:12,12,396,/,"[1, 2, 3, 4, 5, 6] = 6/6",1,/,/,/,"[1, 2, 3, 4, 5, 6] = 6/6",1,/,/,/,/,"[1, 2, 3, 4, 5, 6] = 6/6",1,/,/,/,/,"[1, 2, 3, 4, 5, 6] = 6/6",1,/,/,/,/,"[1, 2, 3, 4, 5, 6] = 6/6",1,/,/,/,/,"[1, 2, 3, 4, 5, 6] = 6/6",1,/,/,/,/,"[1, 2, 3, 5, 6, 10] = 5/6",0.833333333,/,/,0.972222222,/,/,/,/,/,/,/,/,/,/,/,/,/,/,/,/,/,/,181
/,Consent Given,ID_Removed,19,Male,VLFI Score,4.25,Corsi Control,13/05/2022 11:05,5,395,/,"['1', '2', '3', '4', '5'] = 5/5",1,/,/,/,"['1', '2', '3', '4', '5'] = 5/5",1,/,/,/,/,"['1', '2', '3', '4', '5'] = 5/5",1,/,/,/,/,"['1', '2', '3', '4', '5'] = 5/5",1,/,/,/,/,"['1', '2', '3', '4', '5'] = 5/5",1,/,/,/,/,"['1', '2', '3', '4', '4'] = 4/5",0.8,/,/,/,/,"['1', '2', '3', '4', '5'] = 5/5",1,/,/,0.966666667,/,/,/,/,/,/,/,/,/,/,/,/,/,/,/,/,/,/,186
/,Consent Given,ID_Removed,19,Male,VLFI Score,4.25,VPT Control,13/05/2022 11:16,12,360,/,"[1, 2, 3, 4, 5, 6] = 6/6",1,/,/,/,"[1, 2, 3, 4, 5, 6] = 6/6",1,/,/,/,/,"[1, 2, 3, 4, 5, 6] = 6/6",1,/,/,/,/,"[1, 2, 3, 4, 5, 6] = 6/6",1,/,/,/,/,"[1, 2, 3, 4, 5, 6] = 6/6",1,/,/,/,/,"[1, 2, 3, 4, 5, 6] = 6/6",1,/,/,/,/,"[1, 2, 3, 4, 5, 6] = 6/6",1,/,/,1,/,/,/,/,/,/,/,/,/,/,/,/,/,/,/,/,/,/,154
/,Consent Given,ID_Removed,20,Male,VLFI Score,4.375,Digit Control,13/05/2022 11:33,6,656,/,"098623 = ['0', '9', '8', '6', '2', ' '] = 5/6",0.833333333,/,/,/,"769152 = ['7', '6', '9', '1', '5', '2'] = 6/6",1,/,/,/,/,"874026 = ['8', '7', '4', '0', '2', '6'] = 6/6",1,/,/,/,/,"125938 = ['1', '2', '5', '9', '3', '8'] = 6/6",1,/,/,/,/,"059163 = ['0', '5', '9', '1', '6', '3'] = 6/6",1,/,/,/,/,"719430 = ['7', '9', '1', '4', '1', '3'] = 2/6",0.333333333,/,/,/,/,"573194 = ['5', '7', '3', '1', '9', '4'] = 6/6",1,/,/,0.888888889,/,/,/,/,/,/,/,/,/,/,/,/,/,/,/,/,/,/,207
/,Consent Given,ID_Removed,20,Male,VLFI Score,4.375,Corsi Control,13/05/2022 11:48,7,583,/,"['1', '2', '3', '4', '5', '6', '7'] = 7/7",1,/,/,/,"['1', '2', '3', '4', '5', '7', '6'] = 5/7",0.714285714,/,/,/,/,"['1', '2', '3', '4', '5', '6', '7'] = 7/7",1,/,/,/,/,"['2', '1', '3', '4', '5', '6', '7'] = 5/7",0.714285714,/,/,/,/,"['1', '2', '3', '4', '6', '5', '7'] = 5/7",0.714285714,/,/,/,/,"['1', '2', '3', '4', '5', '6', '7'] = 7/7",1,/,/,/,/,"['1', '2', '3', '4', '5', '6', '7'] = 7/7",1,/,/,0.857142857,/,/,/,/,/,/,/,/,/,/,/,/,/,/,/,/,/,/,222